County,Urban Tract,CensusTract,LILATracts_1And10,LILATracts_halfAnd10,LILATracts_1And20,LILATracts_Vehicle,Urban,Rural,LA1and10,LAhalfand10,LA1and20,LATracts_half,LATracts1,LATracts10,LATracts20,HUNVFlag,GroupQuartersFlag,OHU2010,NUMGQTRS,PCTGQTRS,LowIncomeTracts,POP2010,lapophalf,lapophalfshare,lalowihalf,lalowihalfshare,lakidshalf,lakidshalfshare,laseniorshalf,laseniorshalfshare,lahunvhalf,lahunvhalfshare,lapop1,lapop1share,lalowi1,lalowi1share,lakids1,lakids1share,laseniors1,laseniors1share,lahunv1,lahunv1share,lapop10,lapop10share,lalowi10,lalowi10share,lakids10,lakids10share,laseniors10,laseniors10share,lahunv10,lahunv10share,lapop20,lapop20share,lalowi20,lalowi20share,lakids20,lakids20share,laseniors20,laseniors20share,lahunv20,lahunv20share
Alachua,False,192016031182,0,0,0,1,0,16,0,0,0,16,16,0,0,4,0,27405,48.0,0.009648599999999998,3,69144,63580.74912844866,14.770863537132179,19485.752488972375,4.4662563751184825,14235.96723137654,14.52186448980847,9041.854169861215,15.008870153732591,1131.72636410417,0.7045325783120338,50273.19439974674,11.964773785050284,14842.090211316736,3.4861613594228276,10817.963510012361,11.434290467598053,7294.903004393145,12.392349114384007,735.0266795928663,0.49597402439532834,191.070303212386,0.0406705626250289,82.2097971024923,0.0174988925292661,33.0720143578947,0.0349598460442861,25.1956982396077,0.0338651858059244,1.9632780411921,0.0010193551615743,0.0,0.0,0.0,0.0,0.0,0.0,0.0,0.0,0.0,0.0
Alachua,True,480040164080,11,26,11,9,40,0,20,37,20,37,20,0,0,12,2,73111,13872.0,3.2316019,29,178192,135218.29752020657,29.25158117687357,57043.576493802924,13.16535382346738,22846.808689212678,29.110984940312015,13536.662518112837,26.680861128852804,3950.5142878507904,2.3927383568891254,56643.05035351022,11.710429287837265,19919.23168869328,4.18301015761186,10920.274815449819,11.839429719499936,6921.820691467273,11.120614795493355,1176.0082487282198,0.7513537379368725,0.0,0.0,0.0,0.0,0.0,0.0,0.0,0.0,0.0,0.0,0.0,0.0,0.0,0.0,0.0,0.0,0.0,0.0,0.0,0.0
Baker,False,24006080403,1,1,0,0,0,2,1,1,0,2,2,1,0,0,0,3987,1396.0,0.185663,1,12900,12900.00007226054,2.00000001054098,4879.70001301255,0.718321818606221,3311.99998995539,1.999999994993594,1194.999999093972,1.999999998590933,91.79095057573741,0.04413042515609111,12900.00007226054,2.00000001054098,4879.70001301255,0.718321818606221,3311.99998995539,1.999999994993594,1194.999999093972,1.999999998590933,91.79095057573741,0.04413042515609111,4425.6854942206,0.588600278523819,2079.33473981485,0.276544053705925,879.033502748742,0.487269125692207,331.300003368586,0.537824680793159,43.8254494971788,0.0205849927182615,50.1088925950675,0.00666430277896894,21.9521767147182,0.0029195606749193,10.1020882126322,0.00559982716886487,7.62437553144207,0.0123772330055878,0.877527406122521,0.000412178208606163
Baker,True,24006080203,1,1,1,0,2,0,2,2,2,2,2,0,0,0,0,4785,948.0,0.1304229,1,14215,13074.84387844006,1.8486049497942378,4160.8653508034295,0.580634711833607,3419.59847922207,1.832500520023229,1556.911263484888,1.802431039950734,97.97216360001491,0.0404475017573968,10465.0263519174,1.497703331864708,3139.90440612521,0.444025220374899,2703.227500370516,1.451441703677121,1179.480270522368,1.420680538126947,39.4064054514901,0.01675117439146903,121.205960035324,0.0160942716817586,44.7834217324853,0.0059465438497524,31.4852385818958,0.0167207852267105,14.6447070911527,0.0141768703689764,0.0,0.0,0.0,0.0,0.0,0.0,0.0,0.0,0.0,0.0,0.0,0.0
Bay,False,108045995604,0,0,0,0,0,9,2,2,0,8,8,2,0,1,0,14741,2400.0,0.4149102,1,40404,38801.613669369945,7.526627519422787,11506.021622023825,2.2376851200802768,8766.288803198548,7.505431967307263,4744.378840953069,7.467212480185468,466.1108797709471,0.21769106743085975,35633.815041528425,6.734161869598838,10609.2394176148,2.0110794988907794,8194.397135967849,6.717571720063026,4234.359744041395,6.679929901911075,411.48286824085835,0.1876686418577827,6062.373208549132,0.9719702646102086,2401.5307993248466,0.3530374201922305,1547.663426857183,1.047678863085984,655.0013558080258,0.9028851665197961,103.88510674978114,0.0390249850705088,0.0,0.0,0.0,0.0,0.0,0.0,0.0,0.0,0.0,0.0
Bay,True,420175064681,3,12,3,2,35,0,22,35,22,35,22,0,0,3,0,53697,1417.0,0.3531776,12,128448,97908.91725264605,26.456048060527824,28854.899839322028,8.402961660529424,21415.663571858764,26.60995025114288,14712.634149908896,26.3396666019162,1960.6946339839565,1.3576677931443364,46847.11288798705,11.942825175748771,11386.679148502317,3.1183264984531798,10436.717484534922,12.05562749778824,6770.87290668261,12.212920290253184,721.0139351084649,0.4903683710035574,0.0,0.0,0.0,0.0,0.0,0.0,0.0,0.0,0.0,0.0,0.0,0.0,0.0,0.0,0.0,0.0,0.0,0.0,0.0,0.0
Bradford,False,48028001000,0,0,0,1,0,4,0,0,0,4,4,0,0,2,0,9479,4492.0,0.6208821,1,28520,26027.70214345411,3.6336213788358953,10415.274177337851,1.4960309099552678,5143.990950874173,3.636393621197158,3539.3063191061974,3.410633290390122,487.4447389394002,0.20164385532385187,21174.999984151313,2.9068345073818147,8233.260224792919,1.160069079505942,4196.375153823978,2.967932048120933,2779.0722372614773,2.6470489362673817,347.12515090532503,0.139574818614034,99.6452931531239,0.0130511189460542,26.3269482514588,0.00344819230536461,20.6779979967396,0.0130132145983257,19.4531880522554,0.0134159917601762,0.0,0.0,0.0,0.0,0.0,0.0,0.0,0.0,0.0,0.0,0.0,0.0
Brevard,False,120091579637,0,0,0,0,0,10,0,0,0,9,9,0,0,0,0,17444,20.0,0.0025353,1,42518,41143.24785917613,8.855414530560225,10962.174045604035,2.0684852751751706,8091.4863036848,8.847069689363474,8431.815373372387,8.872555430665958,318.7649260218265,0.14815965412262208,36356.61933791685,7.9978733968339775,8992.85353574878,1.763768557676277,7175.45287620658,8.17224153855048,7352.171278871878,7.973646048752156,239.22649197541023,0.11954299544460509,108.455981228017,0.0279525724814476,18.5579067189785,0.00478296564922127,16.5341309363293,0.0375775703098394,14.3625497621583,0.01005076960263,0.0,0.0,0.0,0.0,0.0,0.0,0.0,0.0,0.0,0.0,0.0,0.0
Brevard,True,1236934668741,19,30,19,12,103,0,72,101,72,101,72,0,0,20,1,212248,7715.0,2.5132227,30,500858,400920.4266563897,79.2849401261137,113254.68557820437,23.028684967051987,81114.01707360832,79.55851944573126,80265.186819605,77.69178576836993,6577.027189727126,3.453590989425574,233776.7281028069,43.37476940634066,62287.45326312833,11.78435410789118,48102.51350250735,42.48770849612028,45331.017597921644,42.1294861926277,3086.5642940426083,1.613318527572125,106.42802798349669,0.026577524296416803,23.28577969185779,0.0060107712273063055,18.68693067732366,0.02233160356060817,18.26682746805789,0.02289810911314738,1.6154626239799659,0.001030964413326424,0.0,0.0,0.0,0.0,0.0,0.0,0.0,0.0,0.0,0.0
Broward,False,36034180403,0,0,0,0,0,3,0,0,0,3,3,0,0,0,0,3238,22.0,0.0116034,0,8517,8442.291378160622,2.964761411707058,1603.544921998973,0.34369895710253695,1936.1464893061698,2.943300366741463,1039.315692856192,2.990991779865797,48.1122172551964,0.03503035059870137,7448.497802000182,2.6787333104689806,1495.759464571367,0.308268205836542,1718.8855897167757,2.5730246702830417,935.254665038763,2.7908744186784338,42.9755228494446,0.03042591995267457,0.0,0.0,0.0,0.0,0.0,0.0,0.0,0.0,0.0,0.0,0.0,0.0,0.0,0.0,0.0,0.0,0.0,0.0,0.0,0.0
Broward,True,4299958262097,26,98,26,55,358,0,92,327,92,327,92,0,0,96,0,682809,16870.0,3.245337800000001,109,1739549,1078175.306464558,217.44505911918438,320377.8325049307,66.0608724562765,244924.34814326896,216.36071461045026,158101.71409216739,219.02885181925652,27997.103442473523,14.411059929040979,213085.44161165916,38.860374894425625,50417.823135494014,9.798987422490265,51657.96767268102,38.670739808833765,29869.452157684973,37.54340393471617,3899.239329658676,1.9820814125465527,0.0,0.0,0.0,0.0,0.0,0.0,0.0,0.0,0.0,0.0,0.0,0.0,0.0,0.0,0.0,0.0,0.0,0.0,0.0,0.0
Calhoun,False,24026020300,1,1,0,0,0,2,1,1,0,2,2,1,0,0,0,2565,0.0,0.0,2,6429,6428.99997381275,1.999999989723615,2542.736025960137,0.795702743586569,1481.999994943507,1.999999991602197,999.999997186683,1.999999992917864,97.9100575738102,0.0905588244266477,6428.99997381275,1.999999989723615,2542.736025960137,0.795702743586569,1481.999994943507,1.999999991602197,999.999997186683,1.999999992917864,97.9100575738102,0.0905588244266477,2469.0654594816547,0.6203975121775877,1043.197288504325,0.26210150938573185,565.4880927088137,0.6366565151257509,375.13321521808354,0.5931853109704671,5.724471501221536,0.003766797175566359,0.0,0.0,0.0,0.0,0.0,0.0,0.0,0.0,0.0,0.0
Calhoun,True,12013010300,1,1,1,1,1,0,1,1,1,1,1,0,0,1,0,2496,1891.0,0.2307223,1,8196,7090.50603866821,0.865117867089826,4393.70091284503,0.536078686291487,1352.54567986022,0.819724654460742,1043.25535643486,0.829296785719285,196.474990845885,0.0787159418453066,5654.61627098339,0.689923898363029,3628.14741598279,0.442672939968618,1038.9582548655,0.629671669615456,641.571791041367,0.509993474595681,138.962180587996,0.0556739505560882,118.615336337266,0.0144723445994712,70.6817411375163,0.00862393132473356,25.3546372661362,0.0153664468279613,31.9293700816169,0.0253810572985826,0.0,0.0,0.0,0.0,0.0,0.0,0.0,0.0,0.0,0.0,0.0,0.0
Charlotte,False,60076051605,0,0,0,0,0,5,1,1,0,4,4,1,0,0,0,9019,1638.0,0.3980242,0,20640,18772.76181365742,3.6928727324876722,4701.782386856229,0.9124274747628749,2405.730491536734,3.799573463303291,6115.718527694004,3.578240332380711,299.8350908366812,0.13470918930203818,16651.02812914336,3.33258210638137,4139.982985545328,0.8133435575832091,2178.259584104245,3.4873934671932463,5111.927537789303,3.127884454667078,266.1284786397691,0.12140274129213799,568.195300478444,0.148083216178901,96.1839993318598,0.0250675004774198,97.6205173983967,0.185943842663613,171.400891541902,0.280525190739611,3.80007424652263,0.0033599241790651,0.954504041234031,0.000248763106915307,0.149586457691839,3.89852639280269e-05,0.0987417991364055,0.000188079617402677,0.469023536352324,0.000767632629054541,0.0,0.0
Charlotte,True,408510704752,5,8,5,2,34,0,27,34,27,34,27,0,0,7,0,64351,1374.0,0.3432321,8,139338,119557.82175076118,28.512321700868924,34571.281436229125,7.879317597637496,17810.542057769144,28.65336064356222,39464.48170312549,27.989198585254297,2335.3634475888916,1.2092453783036379,79224.65838953058,18.10906220003116,21651.1871590846,4.674249998409568,11836.095137699614,18.59482558912682,25574.965507777262,17.55454749180808,1296.7360312685062,0.6404223350249287,0.0,0.0,0.0,0.0,0.0,0.0,0.0,0.0,0.0,0.0,0.0,0.0,0.0,0.0,0.0,0.0,0.0,0.0,0.0,0.0
Citrus,False,144209411409,0,0,0,2,0,12,0,0,0,12,12,0,0,4,0,24054,1375.0,0.30462090000000003,5,53987,50005.23156486804,11.211062613021532,18593.769105455718,4.123415769106277,7975.248303855528,11.257202291209872,14250.528884869584,10.91761495620024,964.2590824751697,0.4771987879316498,43435.82323301834,9.893955758907474,16227.88287041296,3.649558938489524,6840.649354091794,9.785995085623195,12270.835172903902,9.593940829297857,829.7881807733381,0.4199041872070603,154.103378295898,0.0466132420737745,42.2201031446457,0.0127707511024337,27.4193157553673,0.0488757856601912,45.5463318824768,0.0511756538005357,2.46654039621353,0.00175804732445726,0.0,0.0,0.0,0.0,0.0,0.0,0.0,0.0,0.0,0.0
Citrus,True,180261761224,8,9,8,1,15,0,14,15,14,15,14,0,0,3,0,39250,876.0,0.1582014,9,87249,79917.85776006986,13.433381275031177,27870.1702241176,4.752144893054618,12741.561332441766,13.563340800491138,26592.9501972377,13.378483649219143,1316.4571546899524,0.5450380433432525,64289.733937257675,10.484626502327227,21135.024005831445,3.4712648255957763,10200.161420527207,10.645524628917018,21097.129281798792,10.377830901400605,909.6192233087287,0.36355122992056943,0.0,0.0,0.0,0.0,0.0,0.0,0.0,0.0,0.0,0.0,0.0,0.0,0.0,0.0,0.0,0.0,0.0,0.0,0.0,0.0
Clay,False,96152247428,1,1,0,0,0,8,1,1,0,8,8,1,0,1,0,12979,28.0,0.0048645,2,34872,33564.63020383203,7.767695626237975,11489.9704963464,2.432808548800267,8117.300254171177,7.754357254081875,4509.69267524066,7.77228071925325,460.31397767781283,0.23476149120560852,30540.443432179356,7.177034935296044,10587.900084125167,2.258758951731841,7382.886050492928,7.158969672451384,4051.269875305226,7.167549541407713,432.43972434969925,0.21849584568066316,1507.993974674004,0.510579870148127,540.641019487053,0.1867418603468756,336.731318983316,0.49648050007528,173.5145569301573,0.44439278594631404,29.66490642654795,0.02528259144095844,0.0,0.0,0.0,0.0,0.0,0.0,0.0,0.0,0.0,0.0
Clay,True,264418674344,1,3,1,1,22,0,17,22,17,22,17,0,0,3,0,55813,1223.0,0.259446,3,155993,127115.23686041063,17.199633934650905,27278.610878801854,4.137783763416993,34470.31749361611,17.218292410396135,14042.743934216342,17.251507139836868,1285.0566230953518,0.6567104490109958,69188.94377137502,9.02511917868787,14519.244416060055,2.0825156417340156,18688.152764801005,8.877319876892791,7662.090530389958,9.195197286249275,739.3072896180113,0.3693436114809166,0.0,0.0,0.0,0.0,0.0,0.0,0.0,0.0,0.0,0.0,0.0,0.0,0.0,0.0,0.0,0.0,0.0,0.0,0.0,0.0
Collier,False,72126065038,0,0,0,0,0,6,1,1,1,6,6,1,1,0,0,17475,856.0,0.07096949999999999,0,48976,46421.35918695654,5.725602741771352,13498.319875826164,1.628499045413272,10972.111312551206,5.782903535091245,7624.632471379803,5.617826134252551,255.77666966762692,0.11378772356709332,39844.90110441868,4.979104266813318,11849.636532877576,1.445480304255349,9563.205964417652,5.0609559939142414,6056.269385522572,4.596875403314832,239.57354964527067,0.10828165333795761,1870.3738768037558,0.25415134568822667,641.3369618665736,0.08713051193729164,286.68874432590593,0.26623077360433123,535.1718852725115,0.2541954660410151,24.685546680896127,0.007675670425888928,1287.8531131677325,0.17546031240708929,529.095138307694,0.07215719121258674,241.270308386331,0.225065586181279,297.8824096610802,0.14198311119622328,13.659545432152363,0.0042477333910940765
Collier,True,805407605800,11,20,11,6,67,0,38,66,38,66,38,0,0,13,0,115704,3690.0,0.9597575,21,272544,213227.7123531992,50.94552407302232,61199.14885983544,13.029272308286952,39099.07533287713,50.724121240740025,63837.5634215908,52.081598865850246,4087.9265965779537,2.3974952379657397,98924.08692848281,22.39234924030736,28317.392799482226,5.690985087313241,17563.050107851916,21.602338121987295,32831.099996463534,23.04015209055349,1787.0627233889377,0.9847564035418344,0.791455796919763,0.000169949709452386,0.787340750452131,0.000169066083412525,0.273965465603396,0.000188292416222266,0.0304406072682468,0.000122744384146157,0.0997571718180552,9.54614084383303e-05,0.0,0.0,0.0,0.0,0.0,0.0,0.0,0.0,0.0,0.0
Columbia,False,108207995414,3,3,0,3,0,9,4,4,0,9,9,4,0,4,0,19067,3742.0,0.4645576,4,52670,51268.4443880515,8.76992467830698,22026.99645485621,3.8150189993349968,11425.679524038307,8.740048538589706,7417.882733531067,8.6835430200259,864.8304771140755,0.41687674754474413,47579.25479813879,8.149719828625228,20095.58600978869,3.49446167230967,10598.670099113984,8.077930454873664,6586.092691570652,7.784674512409838,749.6146063114826,0.3581758589569557,6042.682621122237,1.0944490141985037,2717.713861456053,0.496569077058813,1413.511265826777,1.1540307720409713,890.0000042159186,1.1324899170125806,147.97756470326414,0.06943695812858224,0.0,0.0,0.0,0.0,0.0,0.0,0.0,0.0,0.0,0.0
Columbia,True,36069331600,1,1,1,1,3,0,2,2,2,2,2,0,0,2,0,5874,864.0,0.1649517,1,14861,10266.884632096448,1.7720331153909337,4342.283916158514,0.7336014652329859,2332.455058097574,1.7840920190244667,1958.9513448098137,1.753596824290303,287.6163278160798,0.1387571428992,4999.11609126437,0.918503640597133,1973.735243515622,0.34841428078267,1051.745423619337,0.9463751554007029,943.852283805304,0.814448087904891,162.40218001145308,0.08038469596819321,0.0,0.0,0.0,0.0,0.0,0.0,0.0,0.0,0.0,0.0,0.0,0.0,0.0,0.0,0.0,0.0,0.0,0.0,0.0,0.0
DeSoto,False,72162061821,0,0,0,0,0,6,0,0,0,6,6,0,0,0,0,7067,3187.0,0.7235020999999999,4,20962,19420.704148148772,5.644759721378964,8031.7401337101965,2.236202404218737,3548.755339650703,5.713539263668033,4188.484576511303,5.518977114976918,295.1313620088079,0.2627727815132897,17285.24554339058,5.095829800557182,7049.3157864727655,1.98725476413503,3233.397155603993,5.164499254620393,3369.2206988922962,4.753815009983427,241.41924133594273,0.22232789811320092,696.6015507603574,0.15485540560674188,168.20542941988145,0.03880399374296034,72.42367054332988,0.08797612632963114,49.79400751895936,0.10644666889584081,7.785246211136557,0.006889082207159343,0.0504353931173682,1.07584029687219e-05,0.00660245132166892,1.408372722199e-06,0.0123709449544549,2.33855292144705e-05,0.0123709449544549,2.66615192983942e-05,0.0017129001498688,2.16275271448081e-06
DeSoto,True,36081030803,2,3,2,0,3,0,2,3,2,3,2,0,0,0,0,4378,611.0,0.1406078,3,13900,9512.474820761121,2.045117040075104,5331.885407685931,1.199233376101632,2671.9518616961113,1.972956148961492,1124.165821663785,2.346458398454274,190.3511615107736,0.1491108621185041,3452.606104728498,0.667310905798867,1913.289818738519,0.3856782739528995,927.0967551958942,0.595118665537649,449.5411458698216,0.872705172783676,38.61087500959276,0.03256038399266732,0.0,0.0,0.0,0.0,0.0,0.0,0.0,0.0,0.0,0.0,0.0,0.0,0.0,0.0,0.0,0.0,0.0,0.0,0.0,0.0
Dixie,False,36089910403,1,1,0,1,0,3,1,1,0,3,3,1,0,1,0,6316,1430.0,0.2866623,3,16422,15398.1914184885,2.797387969328973,7473.7553909445705,1.365745289629889,2913.7185418428367,2.760855312039094,2989.0479021544143,2.7082684943234607,191.76647298335178,0.10915271318944839,13764.43507414732,2.472056556859147,6709.854253791939,1.214360408207411,2497.213629121139,2.32673815418267,2716.498125680273,2.2954476441529668,145.9820432690591,0.0769226368829809,927.7345715381118,0.22195129805791278,452.1772785477,0.10870742991044441,122.23909142022116,0.15104637314767336,280.9003150098121,0.28275255543509337,7.456147902708609,0.004018838284771664,173.240782722773,0.0422435461406419,122.156961889355,0.0297871157984285,3.15290939725128,0.00399102455348263,84.1018321139127,0.0861699099527794,0.0,0.0
Duval,False,84217087418,0,0,0,0,0,7,0,0,0,7,7,0,0,1,0,17199,740.0,0.1701051,0,46664,43479.10259161495,6.5206056551339575,9289.361500877585,1.480631187761008,10478.929717828794,6.537311984921467,4936.805823282552,6.511345198473777,408.2861514295163,0.1829413362311802,35847.45037100327,5.454514432656893,7622.164107831206,1.2154702687864236,8777.59730049194,5.521367682300122,3954.233156346884,5.346450538117653,303.0026673681939,0.1348095460516586,0.0,0.0,0.0,0.0,0.0,0.0,0.0,0.0,0.0,0.0,0.0,0.0,0.0,0.0,0.0,0.0,0.0,0.0,0.0,0.0
Duval,True,1997148008889,30,67,30,36,166,0,92,158,92,158,92,0,0,59,1,325251,19245.0,3.9827247000000003,71,817599,596955.639455995,117.34791381694465,185718.74219314518,39.525285850311576,142876.29442499785,117.42588462512589,63382.6565205933,116.69987482695666,15493.16436358196,8.978851774747538,247917.60697311047,44.842868754137584,67600.06433450874,13.597567613302912,60757.698496027806,44.4713241659863,24091.00663653908,43.741147879142666,4798.113665985414,2.763583013390681,0.0,0.0,0.0,0.0,0.0,0.0,0.0,0.0,0.0,0.0,0.0,0.0,0.0,0.0,0.0,0.0,0.0,0.0,0.0,0.0
Escambia,False,72198022616,0,0,0,1,0,6,0,0,0,6,6,0,0,3,0,10090,1912.0,0.4075685,2,28719,27776.12851073169,5.771654998223081,8903.56059442587,1.936096585612927,6243.124625531011,5.746409166068026,3905.7490312732,5.754124224449184,585.3635082254779,0.3580798571597001,25892.8334357473,5.301272518686041,7990.343905993623,1.708542927385811,5757.40226674421,5.240815291511777,3652.9947076576436,5.2311342896868664,541.5429700609052,0.32475421159155116,848.741105435554,0.18194718213254613,273.635443377935,0.059461308561394505,169.62622585522882,0.1612135579781858,140.0694376502843,0.18005341840914119,26.79731566060857,0.01448035754920436,0.0,0.0,0.0,0.0,0.0,0.0,0.0,0.0,0.0,0.0
Escambia,True,782145154394,13,25,13,14,65,0,47,63,47,63,47,0,0,23,2,106148,16047.0,4.0543645,27,268900,224364.3532683057,52.62236881619367,79870.21114818323,19.617668376895583,48372.09520530216,52.71627248351973,32252.754736175826,52.728097470583094,6054.684478033165,3.9586414277249733,128925.8078989895,28.335247302344637,39943.68655040447,8.777221358689033,27355.24758597776,28.0993541723578,17887.72753397459,28.367042473114765,2394.398412022887,1.376177725592762,0.0,0.0,0.0,0.0,0.0,0.0,0.0,0.0,0.0,0.0,0.0,0.0,0.0,0.0,0.0,0.0,0.0,0.0,0.0,0.0
Flagler,False,60175301226,0,0,0,0,0,5,0,0,0,5,5,0,0,0,0,9567,340.0,0.0633028,2,23191,22494.17815987073,4.7709621893380145,7801.907074468599,1.595537338504684,4360.2534374929,4.773606704674719,5147.01715342849,4.832784528919875,288.0417617508353,0.1631347173520476,20050.81191511479,4.2754196111061855,6950.7926486895085,1.4241850364527,3976.2219610956586,4.284318874911193,4386.85061922184,4.264436838398294,260.6121953277085,0.1489448039404691,295.940540027513,0.060961660024669045,76.04741726888203,0.01579897200279044,68.7045883191993,0.06793795131353919,49.20942479089621,0.07015784034586615,4.443020502727889,0.0023828183772811864,0.0,0.0,0.0,0.0,0.0,0.0,0.0,0.0,0.0,0.0
Flagler,True,180525902808,1,1,1,0,15,0,14,15,14,15,14,0,0,4,0,29619,344.0,0.1208786,1,72505,67413.49894211304,13.849908015839706,20284.881865470354,3.8375169947272023,13741.135347015143,13.972771825634275,16574.64202162166,13.781195374390515,991.7232150422733,0.5363416766589647,50993.37159999913,10.2041774068075,15134.655539666686,2.757044425107253,10781.37316612379,10.269794370934237,11831.144980539984,10.026184412266081,600.6741775888339,0.2932196896004243,0.0,0.0,0.0,0.0,0.0,0.0,0.0,0.0,0.0,0.0,0.0,0.0,0.0,0.0,0.0,0.0,0.0,0.0,0.0,0.0
Franklin,False,48151880906,0,0,0,0,0,4,0,0,0,4,4,0,0,0,0,4254,1828.0,0.4985102,4,11549,9521.994860183815,3.122283777962327,4650.513254884081,1.4835319763757902,1630.4643233176942,2.942216620296033,1491.959256379126,2.9680538501850857,158.81839823991905,0.15629296834451942,7715.747956168261,2.5214076751342684,3712.972081894999,1.171949701117775,1163.6535945071116,2.027026666300793,1242.2039934873608,2.392044869656231,85.99023582637754,0.08410171465829952,179.41969524862338,0.08104795219275034,52.40227293831204,0.022486513863269983,16.568036259747903,0.03322901562581376,59.429687569843935,0.11439030300279335,1.6250646196069134,0.0017931472980429962,0.0,0.0,0.0,0.0,0.0,0.0,0.0,0.0,0.0,0.0
Gadsden,False,96312163505,1,1,0,4,0,8,1,1,0,8,8,1,0,5,0,15705,2161.0,0.3747638,6,42932,37640.19031233448,7.097173478888178,18698.49826674068,3.446202649343537,9136.369445451295,7.262930522635551,5136.210104410147,7.0688707061158595,1616.242513880273,0.8478697916967124,31797.03713030961,6.106300624642268,15437.107354036307,2.897269344699224,7736.237532453717,6.269702170579389,4373.172411626169,6.1345194946253025,1310.8899387117244,0.6958894983468293,694.063968649653,0.145536583906407,304.371482456951,0.0638229151723529,196.120949602748,0.16564269392124,81.4151519357038,0.120615039904746,1.31043500172382,0.000724397458111563,0.0,0.0,0.0,0.0,0.0,0.0,0.0,0.0,0.0,0.0
Gadsden,True,12039020701,1,1,1,1,1,0,1,1,1,1,1,0,0,1,0,1247,0.0,0.0,1,3457,2783.98631743877,0.805318576059813,1412.13800790181,0.408486551316694,835.206593711238,0.821245421544974,307.253022048884,0.756780842484937,204.007453586994,0.163598599508415,1845.93849293306,0.533971215774676,931.734477700869,0.269521110124637,582.045974676807,0.572316592602563,197.465624177159,0.486368532456057,140.21104952562,0.112438692482454,0.0,0.0,0.0,0.0,0.0,0.0,0.0,0.0,0.0,0.0,0.0,0.0,0.0,0.0,0.0,0.0,0.0,0.0,0.0,0.0
Gilchrist,False,60209750910,0,0,0,0,0,5,0,0,0,5,5,0,0,0,0,6121,1128.0,0.3665571,3,16939,15703.29503636368,4.656900864744847,6556.971668839963,1.90170948859711,3286.5692553003923,4.636150057638147,2675.0226676587226,4.685037673675877,232.07547302662908,0.21637026033493828,14638.44501027653,4.3585947687783735,5974.493564599217,1.7385010233972098,2960.6147038484683,4.287528209920058,2519.798310147891,4.431741147165657,204.5333811198981,0.1937947616725294,99.0273696236545,0.0184821518521192,31.2113047403109,0.00582517818968102,17.0736002090707,0.015578102380539,29.2207983462722,0.0274373693392227,0.0,0.0,0.0,0.0,0.0,0.0,0.0,0.0,0.0,0.0,0.0,0.0
Glades,False,36129990300,1,1,0,0,0,3,2,2,0,2,2,2,0,0,0,3661,2.0,0.0002911,1,9136,7932.485077575349,1.824815874544854,2468.757319725623,0.539373893779391,1473.1631004038632,1.797159473402711,2152.375323185,1.890241743389538,16.31092333845303,0.01279409116294997,7343.28576753292,1.7390517828356211,2099.134620869803,0.485571463087132,1376.112837468403,1.7350274228678462,1981.5705928581322,1.755004427216245,13.167310086559192,0.011547120416462928,1443.040782915226,0.41482923494900503,378.696759138513,0.0992046866943285,237.4552294352434,0.3871234550289,504.14503862142,0.46084036829114705,0.0,0.0,0.0,0.0,0.0,0.0,0.0,0.0,0.0,0.0,0.0,0.0
Glades,True,12043000300,1,1,1,0,1,0,1,1,1,1,1,1,0,0,0,872,1481.0,0.3951441,1,3748,3555.99635375543,0.948771705911268,1167.45903172074,0.311488535677891,600.704718612826,0.958061752173567,467.742274715059,0.98265183763668,0.0,0.0,2562.73523966044,0.683760736302146,861.946493632658,0.229975051662929,505.115680847427,0.805607146487124,394.256921918121,0.828270844365799,0.0,0.0,1162.7830726505,0.310240947879002,428.503898787653,0.114328681640249,365.49299699564,0.582923440184435,227.335415388442,0.477595410479919,0.0,0.0,0.0,0.0,0.0,0.0,0.0,0.0,0.0,0.0,0.0,0.0
Gulf,False,36137880600,0,0,0,1,0,3,1,1,0,3,3,1,0,2,0,5335,3450.0,0.4603015,1,15863,14799.43033370044,2.781997104611262,6591.85189915061,1.151451398508134,2316.221426303487,2.689126006667027,2378.8455340509026,2.7401148349369837,356.0307331880493,0.1921924088068063,12372.77329212864,2.283041775057677,5589.852030940908,0.945358092672114,1810.674142365278,2.091418259190597,1843.602622946209,2.15291039103718,271.2929180884506,0.1393022208696304,832.4924454454992,0.1813228567783374,319.15096970950174,0.06960515683496464,86.0688447387301,0.10710657399283004,145.1614192352031,0.1444949289387538,30.1127376504193,0.0169362978911244,0.0,0.0,0.0,0.0,0.0,0.0,0.0,0.0,0.0,0.0
Hamilton,False,36143880600,2,2,0,0,0,3,2,2,0,3,3,2,0,1,0,4617,3064.0,0.3755364,2,14799,13859.372414785212,2.8854671393679308,6646.802519480486,1.43208314531866,2687.717510917152,2.8338624726871533,1775.379807031492,2.799741556713453,260.4510723780183,0.1470241698612704,12481.2276615011,2.7174826496941,5907.360747312235,1.341951286205026,2324.239640908508,2.565810946132105,1555.752279727461,2.541962768797924,170.1006913506743,0.1034398085359723,2966.9039842975217,1.134259716559987,1421.1850832994728,0.57163633017264,646.7750942620198,1.0970986797887383,539.2628646011912,1.1862946924191584,18.501108360119954,0.0243425483026749,0.0,0.0,0.0,0.0,0.0,0.0,0.0,0.0,0.0,0.0
Hardee,False,60249851105,2,2,0,0,0,5,2,2,0,5,5,2,0,0,0,7095,1922.0,0.2409145,3,23621,19695.837289104562,4.44860124343111,9676.989946296999,1.943153211796187,5071.078921114163,4.361538426131465,2560.648642038961,4.452944016859519,190.4105753674433,0.1431152711538048,15477.357653960331,3.8732752987515617,7739.806015513609,1.680862875316535,3792.225137999756,3.6992534362727234,2104.812503452826,3.877750062976074,128.7418372488726,0.11305286108174453,2628.5511648320007,0.4771103325908531,1233.6851542625734,0.19949835859779233,269.8110126651902,0.2695998123931857,390.2887132041273,0.5832216065565552,4.6293028883735605,0.003892706717668561,0.0,0.0,0.0,0.0,0.0,0.0,0.0,0.0,0.0,0.0
Hardee,True,12049970201,1,1,1,1,1,0,1,1,1,1,1,0,0,1,0,1150,62.0,0.0150852,1,4110,4110.00003424373,1.00000000833181,3022.62411035712,0.735431657021197,1378.00000883699,1.00000000641291,577.000005039945,1.00000000873474,138.073769683339,0.12006414755073,4074.25288611054,0.991302405379693,2999.92644955531,0.729909111813944,1375.73695376,0.998357731320755,555.38380613862,0.962536925716846,136.938565289479,0.119077013295199,0.0,0.0,0.0,0.0,0.0,0.0,0.0,0.0,0.0,0.0,0.0,0.0,0.0,0.0,0.0,0.0,0.0,0.0,0.0,0.0
Hendry,False,60255991501,1,1,1,3,0,5,1,1,1,4,4,1,1,2,0,7078,1540.0,0.2629442,3,24406,23539.63598805404,3.887514695432535,13939.268462726151,2.240489978333387,6717.869250252661,3.893502864785493,2175.289767577489,3.927969105874165,380.3452453109085,0.2041675071101276,21163.25816777993,3.51588234453998,12767.08108273769,2.052525754091767,5905.552497017794,3.4677642890293443,1993.139994155837,3.627685146681313,355.7896202886484,0.18907215147470463,2392.264312904097,0.4173999245906233,1129.59748731019,0.1957983318901021,381.1847334072695,0.273877629188694,82.4638049761312,0.1587582459502235,0.0,0.0,544.674450465022,0.0976469075770926,250.836918171905,0.0449689706295994,213.167541336225,0.162475260164806,29.3162817189495,0.0673937510780449,0.0,0.0
Hendry,True,24102000502,1,1,1,1,2,0,1,2,1,2,1,0,0,1,0,4947,402.0,0.0541737,1,14734,7220.61096442802,0.968269481326865,3372.958952139494,0.45146128164716093,1986.4137704304828,1.005520130892065,1255.3101017998752,0.962874130561618,202.50232176362712,0.07894683779736811,3147.093612677007,0.4182487086527999,1392.7088318044594,0.18502410226493998,851.9678153379064,0.4286263981164292,554.6068648979524,0.4008123579591097,24.49980697394309,0.009430922479589243,0.0,0.0,0.0,0.0,0.0,0.0,0.0,0.0,0.0,0.0,0.0,0.0,0.0,0.0,0.0,0.0,0.0,0.0,0.0,0.0
Hernando,False,168743517427,0,0,0,0,0,14,0,0,0,13,13,0,0,0,0,19334,106.0,0.031157200000000003,2,47064,46294.79513276723,12.848785202859155,14868.091086768725,4.0884769217156265,9197.617553333217,12.81181715690186,10294.809723623668,12.896542016122849,439.3632793080193,0.30557199140238905,42827.04519690598,12.061404680425726,13633.089012094977,3.830676986814858,8499.545371507096,11.913230830104126,9289.198197648531,12.170583327354024,404.3695989008932,0.2865836025034165,11.708607968947,0.00244694001440899,7.23876776076213,0.00151280412973085,1.75597372149059,0.00176835218679818,5.03185583936283,0.00521976746821871,0.0,0.0,0.0,0.0,0.0,0.0,0.0,0.0,0.0,0.0,0.0,0.0
Hernando,True,373644271618,12,14,12,5,31,0,27,31,27,31,27,0,0,6,0,52411,1722.0,0.44224359999999996,14,125714,104427.74232528114,26.02347479272756,35143.2083071551,8.712037488637566,20423.503129504254,26.204115072439684,28498.270267693646,25.736676397895895,1986.8884729428787,1.2476718372851339,56076.37451495207,14.320448052610544,18127.855655761658,4.621188029826994,10956.531947212936,15.072696042198778,15122.090875540553,13.968892960768995,940.6810452253047,0.5951082672251369,0.0,0.0,0.0,0.0,0.0,0.0,0.0,0.0,0.0,0.0,0.0,0.0,0.0,0.0,0.0,0.0,0.0,0.0,0.0,0.0
Highlands,False,168783510908,2,2,0,1,0,14,2,2,0,13,13,2,0,1,0,16443,419.0,0.090922,6,36823,32587.85953528257,11.596784886212951,12248.802738317505,4.7627222605876645,5427.048560459721,10.940028183772293,11139.38748732445,10.406932819918843,457.5775347582094,0.3598775909279277,29006.289186164828,10.57176549404618,10606.361339016443,4.294316275307233,4726.935812080337,9.817562321691566,9951.157248450243,9.472035302819421,364.1837087134915,0.2891506633191214,2183.0994134184193,0.9156756833552074,1069.1530175097678,0.47681393816799605,354.6675551673703,1.071002192331024,579.5541102869415,0.6667350497563089,20.94788316584255,0.01227960732931938,5.11449400164565e-07,3.88049620762189e-10,3.14424710268213e-07,2.38561995651148e-10,0.0,0.0,0.0,0.0,0.0,0.0
Highlands,True,156727490513,9,11,9,4,13,0,11,13,11,13,11,1,0,4,0,26161,1314.0,0.35029009999999994,11,61963,53289.549314504715,11.179344929460296,23091.121171682516,5.135272535761304,10208.359982559656,11.338763113321196,16539.746816547075,11.140196658380663,1142.3755842012174,0.6644247120851647,41449.83576188517,8.270039554365134,17679.76524369546,3.7507022242951304,8110.7326224504395,8.569296790455818,12298.621368749169,8.07611605950798,750.066344055458,0.43465386122636285,665.392519357202,0.129858024855036,325.038289219096,0.063434482673516,95.1182833833576,0.113914111836356,240.35404184104,0.130769337236692,0.0,0.0,0.0,0.0,0.0,0.0,0.0,0.0,0.0,0.0,0.0,0.0
Hillsborough,False,337603143880,0,0,0,0,0,28,0,0,0,24,24,0,0,1,0,22604,1098.0,0.31398550000000003,4,64435,60070.77751461494,22.489099982618335,18727.548170253678,7.728724450689331,15014.38825028344,22.370754984486005,7953.386110547453,20.916098178112367,621.7968688140924,0.5900276386640867,54187.18901922124,19.85406945751791,16783.004161899422,6.919428307964912,13353.170680426865,19.72870801128856,7439.173104190468,18.82791412340774,569.3303548767221,0.5338235755969735,108.25192775627876,0.0318841697187013,24.447875041760813,0.0072529829067877055,27.439910841872933,0.030030582860769702,16.07995427100648,0.03782239809080074,3.08304079933252,0.00269496573368227,0.0,0.0,0.0,0.0,0.0,0.0,0.0,0.0,0.0,0.0
Hillsborough,True,3532705793808,44,102,44,43,293,0,156,278,156,278,156,0,0,56,2,451426,20967.0,6.531305999999999,108,1164791,857342.7913935235,212.21043086791732,265356.6094989521,68.70778963778235,207940.47874882072,213.2182010066245,99727.83643876253,210.47611700945535,18278.82082276461,13.767951741165465,380676.90336122166,91.10110615188574,100524.7670794576,25.341639420226812,96356.9291635873,91.71131935372554,43033.027747461274,89.33067238919118,5468.644502458719,4.028722733790152,0.0,0.0,0.0,0.0,0.0,0.0,0.0,0.0,0.0,0.0,0.0,0.0,0.0,0.0,0.0,0.0,0.0,0.0,0.0,0.0
Holmes,False,36179880600,1,1,0,1,0,3,1,1,0,3,3,1,0,1,0,5076,87.0,0.0195505,3,12676,12676.00001336023,3.0000000016988446,5988.47381423112,1.422872910973903,2849.000003419434,3.000000003746016,2287.999999314603,2.999999998484695,287.1419263938524,0.1602651418327865,12674.11071940553,2.9995216994318312,5987.75450757426,1.4226908080227991,2848.606571673033,2.999575131449687,2287.834575756829,2.999764352391,287.1419263938524,0.1602651418327865,3641.9191914498992,0.6904226560702942,1977.3296465691608,0.3740697932050322,884.3371241875979,0.7618622818543193,590.7969263590178,0.6191080689259612,106.96602209493746,0.049455000245469505,0.0,0.0,0.0,0.0,0.0,0.0,0.0,0.0,0.0,0.0
Holmes,True,12059960400,0,0,0,0,1,0,1,1,1,1,1,0,0,1,0,2278,1645.0,0.2268653,0,7251,5776.39129080388,0.796633745801115,2664.01261587213,0.367399340211299,1076.05142203503,0.750908180066317,809.586791400574,0.712037635356705,169.617690900771,0.0744590390257995,4437.51620185094,0.611986788284504,2041.42525235685,0.2815370641783,731.987579297917,0.510807801324436,563.34945506781,0.495470057227625,96.073120847884,0.0421743287304144,0.0,0.0,0.0,0.0,0.0,0.0,0.0,0.0,0.0,0.0,0.0,0.0,0.0,0.0,0.0,0.0,0.0,0.0,0.0,0.0
Indian River,False,60305253823,0,0,0,2,0,5,0,0,0,5,4,0,0,4,0,9217,603.0,0.1124211,2,21712,19560.67533589953,4.354137994289033,8386.458183088169,1.6413698754299653,3916.822062159306,4.359522624530373,5214.913440851608,4.3381821033155905,718.9087129149357,0.43352128882409363,16940.645569394277,3.5577690722054918,7944.207865360196,1.5096193231852988,3664.829299119271,3.6417495033010043,4012.555762315411,3.52853021868878,657.713940896349,0.392915527405629,69.0927773779441,0.00957228835937158,41.2044198710937,0.0057085646815037,10.0000001849617,0.00446030338312298,15.0000002980861,0.0327510923538997,3.17046146154992,0.00159801484957153,7.86433898319592,0.0010895454396226,4.69000577729457,0.000649765278095674,1.00601038000605,0.000448711141840342,2.35580047696385,0.00514366916367653,0.397350764002113,0.000200277602823645
Indian River,True,301527193872,4,6,4,3,25,0,20,24,20,24,20,0,0,6,0,50959,1191.0,0.27890799999999993,6,116316,101003.66866181444,19.87772979208164,30547.74515734086,6.089444961246428,19145.127151075012,19.73333678510657,27009.627035533795,19.86852901753796,1999.8036555580516,0.9955028790450997,70070.34587372665,12.83963109916926,20054.83058068703,3.643984996209012,13096.249478792623,12.443763532107559,19191.077141435337,13.302551048705892,1178.9839132616346,0.5344376520688341,0.0,0.0,0.0,0.0,0.0,0.0,0.0,0.0,0.0,0.0,0.0,0.0,0.0,0.0,0.0,0.0,0.0,0.0,0.0,0.0
Jackson,False,108568895500,0,0,0,2,0,9,1,1,0,9,9,1,0,3,0,13818,7373.0,1.3587128,4,40941,38353.3896389718,8.514519756343592,14979.909865720041,3.4404569999702495,7281.957102015732,8.400293619962886,5771.595811237668,8.369167298614117,823.5030100908975,0.5705684037164538,34525.83092162934,7.7413850830754924,13151.604751308241,3.074967443663065,6660.372547396712,7.691920668824795,5274.661691805654,7.682340660318195,748.5051521789926,0.5218754179744228,2298.0372776759555,0.525211035857747,661.1339984776392,0.15133700775441367,430.74690692423815,0.48240897591295623,455.7100768468591,0.5917886205527766,72.18238038888573,0.04033348501745873,0.0,0.0,0.0,0.0,0.0,0.0,0.0,0.0,0.0,0.0
Jackson,True,24126421100,2,2,2,1,2,0,2,2,2,2,2,0,0,1,0,3599,621.0,0.1467761,2,8805,6177.21175152491,1.3176436660248971,3354.5003413966483,0.700462436793632,1537.208837634018,1.355867338934468,937.8201290905661,1.208770322205151,209.4126157157067,0.1089884320065936,3446.344077633817,0.712641459807368,1821.649636192166,0.368105885738499,786.253161782883,0.652373087270855,519.263494982612,0.669882843144005,81.5145908983009,0.04049226597154376,0.0,0.0,0.0,0.0,0.0,0.0,0.0,0.0,0.0,0.0,0.0,0.0,0.0,0.0,0.0,0.0,0.0,0.0,0.0,0.0
Jefferson,False,36195750403,1,1,0,2,0,3,1,1,0,3,3,1,0,3,0,5646,1339.0,0.23015239999999998,2,14761,13268.46575817479,2.705063572929972,5820.07265745321,1.1946036050068352,2391.546063089151,2.624428430944368,2173.70813391226,2.699939319376957,463.13323961834396,0.2473194063533194,11980.62239149923,2.460490051783139,5142.47737997593,1.0656662023451071,2105.586890083495,2.333525357635649,1902.3176407775832,2.377185341058164,405.1986236960742,0.21664306228571062,2399.8169349024347,0.5457616264826263,1260.3233074404834,0.28722114210061667,463.2447673781067,0.5586347950175736,393.5720458283199,0.5383276265522036,107.11020733531409,0.05801344608507942,0.0193975942383986,4.42867448365265e-06,0.00982098651002161,2.24223436301863e-06,0.00484939855959965,5.9139006824386e-06,0.0,0.0,0.00109730915573891,5.95716154038498e-07
Lafayette,False,24135920300,0,0,0,0,0,2,1,1,0,2,2,1,0,0,0,2580,2094.0,0.6518235,1,8870,7918.80381377865,1.8332989451478978,2544.028813169506,0.505163144964459,1522.5612095749252,1.826429368010826,913.278423157805,1.808178004258195,74.0458272952062,0.0348287052188176,7390.73568200381,1.740752830220657,2321.717019821816,0.466202087595428,1357.4561851223948,1.717232923267092,841.475409393018,1.7275004607022542,66.2465365578705,0.031160177120353,697.4156033689688,0.209732303342649,143.6914494659719,0.039907124061450194,156.6647909738012,0.5357105000127643,124.15992745012313,0.6041070967754522,2.6927843075451,0.0012665965698707,0.0,0.0,0.0,0.0,0.0,0.0,0.0,0.0,0.0,0.0
Lake,False,253449644095,1,1,0,2,0,21,1,1,0,21,21,1,0,3,0,47005,1585.0,0.1976032,7,118316,108267.07011507847,19.711323129823175,32137.955298056535,6.339387181740732,22396.317371424735,19.75108958160383,24584.114548084308,19.664451295033587,1184.175869781099,0.5680655425083733,93620.33303341268,17.78526020219489,27387.7829977197,5.68926685111398,18911.62638381568,17.75500093195844,21605.34513793885,17.78900179182744,1003.8812406343797,0.5010577336731414,951.7513770781225,0.16606215462029889,430.11530051159104,0.07494098173042357,217.3460468843076,0.1728076114082926,131.82460384680112,0.14503230056892621,7.8385966809401,0.00348227307016442,0.0,0.0,0.0,0.0,0.0,0.0,0.0,0.0,0.0,0.0
Lake,True,422416073516,10,11,10,3,35,0,33,35,33,35,33,0,0,7,0,74284,2402.0,0.6634365,11,178736,151582.06314309544,29.956522057031137,44938.41759666996,9.924627241310079,31916.528365836733,31.02039693875485,37607.724539556744,29.04041534254317,2526.465880304954,1.5239332437529403,107699.7392170607,21.367214131930933,30568.432128333025,6.706609829521173,22946.732667189863,22.45619207949814,26705.781906329627,20.736180140452966,1481.8428715262746,0.9270218111804394,0.0,0.0,0.0,0.0,0.0,0.0,0.0,0.0,0.0,0.0,0.0,0.0,0.0,0.0,0.0,0.0,0.0,0.0,0.0,0.0
Lee,False,313848164533,0,0,0,0,0,26,0,0,0,25,24,0,0,3,0,27502,3000.0,0.8014515999999998,6,66151,61994.76799350015,22.967160818368733,19708.79763777616,6.416805542484492,10077.704708946894,22.462506657060466,17136.965604892197,23.270348841335252,952.0079430549396,0.7653977596956552,52125.53337171944,19.581686469242673,16252.90370077804,5.479610387773597,8972.983144313372,19.060901052663322,13780.263658449807,19.615728219947922,780.5751561174378,0.6567717520814623,0.0,0.0,0.0,0.0,0.0,0.0,0.0,0.0,0.0,0.0,0.0,0.0,0.0,0.0,0.0,0.0,0.0,0.0,0.0,0.0
Lee,True,1689943423128,27,38,27,14,140,0,101,138,101,138,101,0,0,23,0,232316,5488.0,1.2966056,38,552603,452134.2495326351,112.84108411273776,137076.9601350593,32.67932568057737,93106.22557882365,113.5596556425367,100776.26148242787,112.61833423308728,7980.732445830581,4.959507819194825,250242.6689322885,62.21281423038951,75437.72829817436,17.791022079657385,55276.99319379027,63.63815938963094,51543.10365415925,61.7132630762775,3641.9213615912486,2.321134023888021,0.0,0.0,0.0,0.0,0.0,0.0,0.0,0.0,0.0,0.0,0.0,0.0,0.0,0.0,0.0,0.0,0.0,0.0,0.0,0.0
Leon,False,144876029889,0,0,0,2,0,12,1,1,0,12,12,1,0,2,0,16878,156.0,0.0409943,2,44523,42175.52736448645,11.243834905330285,9355.631339651438,2.469969235065566,10362.1259038034,11.247803833544964,4634.489155733872,11.168606166370445,699.6794817037676,0.5150823494229674,38021.20430070795,9.984685694152615,7994.74461097542,2.056035477605347,9403.942447434973,10.048986386545717,4164.281624904977,9.94397670636431,504.1295760135665,0.3535245509711691,1116.4132687200688,0.20337606857417054,282.9553039039371,0.054429590986080585,252.09487959831236,0.18741227785131212,147.7325487630487,0.2225940382894718,10.952262290472014,0.004971907141871073,0.0,0.0,0.0,0.0,0.0,0.0,0.0,0.0,0.0,0.0
Leon,True,676088093425,12,28,12,15,56,0,31,52,31,52,31,0,0,18,1,94067,14838.0,3.8033145000000004,32,230964,185855.79507569157,42.55712329048465,64483.725930644934,15.870174649228206,35795.156472535746,42.37456271143454,17579.61540817818,41.73388311358338,4302.361572242045,2.746199510375825,91288.9731603795,18.78618001843653,24612.951073454326,5.554226087720555,20947.773634650355,18.863454256917237,9292.319171305957,18.367995032350517,1532.493233589136,0.9427483965153658,0.0,0.0,0.0,0.0,0.0,0.0,0.0,0.0,0.0,0.0,0.0,0.0,0.0,0.0,0.0,0.0,0.0,0.0,0.0,0.0
Levy,False,96607762606,1,1,1,3,0,8,2,2,1,8,8,2,1,3,0,14852,470.0,0.1084361,5,36648,35070.85434258732,7.623794540721436,15365.468258075714,3.1566432245265093,7281.5246144817465,7.60307157349456,6875.523417445578,7.650132474457848,803.5092000535411,0.41570055136545725,32688.248624466865,7.103663864178651,14053.572672933522,2.860167654970708,6691.130659993981,7.033613415278154,6480.672317689727,7.213261575794469,664.8471074594501,0.33678636026305664,3954.456103668876,0.9448054289641449,1797.7948248401676,0.4288559765143894,726.6752435274079,0.982836908683355,859.9286162307981,1.061199243150293,96.96457883672784,0.05727363564659931,585.621862918342,0.178054686201989,231.75294450378,0.0704630418071693,77.2683883932841,0.149166772960008,203.267527129345,0.287101027018848,39.4462339897709,0.0289407439396705
Levy,True,12075970600,1,1,1,0,1,0,1,1,1,1,1,0,0,0,0,1552,165.0,0.0397303,1,4153,2629.95136461181,0.633265438143948,1369.71858536177,0.329814251230862,644.998554391263,0.653493976080307,401.187399994691,0.53706479249624,63.9579614580125,0.0412100267126369,1141.19449147896,0.274787982537675,610.853358183798,0.147087252151167,246.828369068215,0.250079401284919,186.652626630748,0.249869647430721,26.1084158259737,0.0168224328775604,0.0,0.0,0.0,0.0,0.0,0.0,0.0,0.0,0.0,0.0,0.0,0.0,0.0,0.0,0.0,0.0,0.0,0.0,0.0,0.0
Liberty,False,24155900300,0,0,0,0,0,2,1,1,0,2,2,1,0,0,0,2525,1882.0,0.3007351,1,8365,7941.7840131968005,1.932372006090352,3325.267919692754,0.7114951249093291,1680.712626024097,1.9213338461784102,810.913814938962,1.8754665819851541,177.4155047770907,0.16068243834111412,7233.9511705860305,1.819263530121868,2981.7033073702637,0.656595059022067,1507.3094486845089,1.77966458364607,703.1629948465711,1.701394174727656,154.2788140719783,0.1469758680181802,2170.923999849998,0.8766726616262469,648.046734739368,0.24708873472010198,617.02981088552,0.955445626987353,270.71038911340423,0.87190696563472,77.71030666611746,0.09094180096611658,2.5926937070908,0.00123051433654049,0.738293785450878,0.000350400467703312,0.0,0.0,1.72846246002518,0.00642551100381109,0.0387802288381636,4.6332411993027e-05
Madison,False,60395551303,1,1,0,1,0,5,2,2,0,5,5,2,0,1,0,6985,1933.0,0.33742629999999996,3,19224,17767.13001655808,4.692000726989031,7617.812616222201,1.9822035598247298,3815.638725245946,4.6253467957042265,2804.257503385833,4.615760256266999,567.4041003032816,0.378469037353648,15142.93891912359,4.123142887672033,6345.375985761056,1.716947004086221,3145.421198877583,3.9523741920510984,2409.933787727222,3.945091328534861,371.61650012422456,0.2640728996698422,3965.265093704211,1.105416459750476,1532.137462609988,0.42814401424818604,915.6213640479007,1.053829106806402,697.5888255179623,1.136943058079332,71.62294846216119,0.051401787516260816,0.0,0.0,0.0,0.0,0.0,0.0,0.0,0.0,0.0,0.0
Manatee,False,132891020406,0,0,0,0,0,11,2,2,0,11,11,2,0,0,0,17418,2090.0,0.6144518999999999,2,47533,43052.875450950756,10.1453739845143,8869.618789862763,2.0386933500440434,10163.035503865613,10.307678376584516,6909.975280542187,9.70541833036323,331.9066661821971,0.22523590842899022,38519.97468289334,9.271455352932044,7757.3515394646,1.8293514742562298,9291.614976480903,9.482063141982486,5721.362212626882,8.683626947322496,266.0399782579193,0.1951853047257219,5226.149654746445,1.4110858747968054,1846.036509139327,0.46773002971185457,1348.2357852008724,1.448368719025543,453.73937576130186,1.3889997900009905,13.1775826743745,0.0155030384404405,0.0,0.0,0.0,0.0,0.0,0.0,0.0,0.0,0.0,0.0
Manatee,True,809427067548,9,23,9,6,67,0,38,67,38,67,38,0,0,10,0,118311,2727.0,0.6979119,23,275300,191854.44403897066,46.16828523460834,57938.875719348616,13.651538656627823,36677.84447397078,45.383802899213364,49739.23340520183,47.45828028135322,3243.7792715233327,2.018047088011157,86528.45951777848,20.973427212849266,19907.494249967553,4.820257453996936,14866.161711257717,20.50127070243234,24360.862632376393,21.533651032701325,1040.061768239803,0.6148709709900823,0.0,0.0,0.0,0.0,0.0,0.0,0.0,0.0,0.0,0.0,0.0,0.0,0.0,0.0,0.0,0.0,0.0,0.0,0.0,0.0
Marion,False,362491994161,0,0,0,4,0,30,0,0,0,28,28,0,0,8,0,55885,5227.0,0.7244557,11,138819,131595.57915138078,26.450130582315424,47874.81614282705,9.94784828476389,25194.77555980354,26.639092940459115,29074.39208905657,26.26470857182181,2102.8931668719483,1.0544791980536292,120131.24589654895,23.92246212590924,43553.35905228213,8.90191890025947,23549.389968329084,24.449285420660853,24917.44349804674,23.349252296974935,1811.48171080899,0.907155466814255,415.3528027419374,0.14945293351909608,180.65760750854997,0.06773827978062705,78.64858723686982,0.17577797215658822,80.0818148796871,0.12443333168799287,5.2131922243168125,0.003678584157704926,0.0,0.0,0.0,0.0,0.0,0.0,0.0,0.0,0.0,0.0
Marion,True,398739053192,10,16,10,8,33,0,26,33,26,33,26,0,0,14,0,81841,3012.0,0.7353571999999999,16,192479,164387.54622290886,27.390556635068275,58420.208888758796,10.292760046335124,32297.076030430762,27.22673296964345,46344.33822743748,26.547214798170724,3288.3272531391244,1.6476093698525447,98049.44510892913,15.455439260794098,33290.67759892564,5.528232871087254,19071.1112806983,15.401749455287547,28341.574801096427,14.619516344261887,1583.9235537473003,0.7960718682690461,0.0,0.0,0.0,0.0,0.0,0.0,0.0,0.0,0.0,0.0,0.0,0.0,0.0,0.0,0.0,0.0,0.0,0.0,0.0,0.0
Martin,False,60425996212,0,0,0,0,0,5,0,0,0,4,4,0,0,0,0,8186,115.0,0.024155100000000002,0,20204,19151.69582533528,3.755051096111789,4016.570986035897,0.6143318407316327,3662.7246605227792,3.690702901611231,4060.894408318707,3.791807325501127,198.33055735812098,0.1292201492026573,16376.959198112301,3.123268940388595,3447.005230526369,0.4911173998307945,3202.589084977992,3.098625193308683,3230.329762087289,3.008518996142793,148.0785843274034,0.100089651525331,0.0,0.0,0.0,0.0,0.0,0.0,0.0,0.0,0.0,0.0,0.0,0.0,0.0,0.0,0.0,0.0,0.0,0.0,0.0,0.0
Martin,True,362550028786,5,7,5,2,30,0,26,30,26,30,26,1,0,5,0,55713,3818.0,0.9888367,7,126114,99467.55376272323,23.831553343755207,26584.666570134174,6.316965133296077,16802.751496173416,23.51750072795044,29214.091504023894,24.222249522342462,1954.369263919445,1.072305920000913,55157.666708953664,13.970481685528403,13319.487331482382,3.3199304716526408,8650.721871745036,13.577835129433998,17794.597767978157,14.713316459133527,828.8170445834932,0.4258251611211402,673.55034317541,0.2024242899317607,400.7092866976782,0.12035733810908261,84.35635821578244,0.18753721525765862,100.00765982361368,0.5897623351448477,0.0383073748089373,2.09788471023753e-05,0.0,0.0,0.0,0.0,0.0,0.0,0.0,0.0,0.0,0.0
Miami-Dade,False,120864967305,0,0,0,0,0,10,1,1,0,8,6,1,0,0,3,6574,4354.0,3.169448,1,25390,24221.395950156515,7.118141350667208,8294.51399762793,1.3978192669869471,5567.133222358712,6.687321977206262,2330.3902983061876,6.7398604630726755,212.8857160840327,0.1358915268954631,21834.401609114033,6.110405119181006,7707.510182787826,1.2487542266454221,4944.88321785693,6.0709915919691975,2138.3820026494245,6.213998833557357,179.11860388325863,0.10660699009711455,461.1209828120062,1.0490464159822062,317.86053818824195,0.048412807138452946,140.95523211016845,1.0839219108819398,11.2876473645684,1.0134303490399066,0.892921083837618,0.000655595509425564,416.5275669101648,0.0633633092351616,300.88474996979505,0.045763997715968306,132.23892033529563,0.08242734316360135,9.98367014410906,0.0130335119374792,0.224870598500246,0.000165103229442178
Miami-Dade,True,6151784029785,20,148,20,72,509,0,80,379,80,379,80,0,0,95,4,860778,35703.0,9.151043299999998,235,2471045,1130549.4782287918,227.71997519252199,406545.2687061088,82.03949065984104,265659.37872093404,229.46083281648617,144610.83364279993,223.9612124793522,29319.16528311937,19.355311789226572,196819.51092970534,41.318343509655776,57732.563115710676,12.82485503236896,50140.15346073012,41.55376005188659,21698.548018131623,39.52543967763216,2883.5758463436428,2.5973790171082793,0.0,0.0,0.0,0.0,0.0,0.0,0.0,0.0,0.0,0.0,0.0,0.0,0.0,0.0,0.0,0.0,0.0,0.0,0.0,0.0
Monroe,False,132967701105,0,0,0,0,0,11,3,3,1,10,9,3,1,0,0,8320,571.0,0.9101396999999999,0,18106,13895.16347930873,8.566831093886254,2451.6150125863974,1.322749232762876,1896.3747958500624,8.701483312793103,3037.541028102885,8.639973743422246,193.40828148350784,0.23792978896845451,12651.41739947735,7.9828890198976,2197.870918590273,1.225858452962971,1633.5477475860262,8.06986110137616,2700.708050210985,8.016894172911053,174.0468628628245,0.20746576183988588,2889.1092065766793,1.9880453661868316,432.50961066013735,0.24975364477469086,372.2195168764361,1.3721946164969465,591.9499583066784,2.3717377293526374,27.622821727696845,0.03280738380808445,9.00000004776347,0.375000001990144,0.0,0.0,0.0,0.0,3.00000002806746,0.600000005613492,0.0,0.0
Monroe,True,229671457904,1,2,1,2,19,0,12,15,12,15,12,0,0,5,0,24309,1449.0,0.4329202,3,54984,35418.20429277313,11.901509609641604,10312.103694911539,3.469534612335389,5569.363880958304,11.945066174339477,6021.465402460435,11.950098320974238,1052.0906380534936,0.7803471200348402,22134.77715603106,7.561467207229727,6547.307659153121,2.1489530531015144,3491.9468678504754,7.306286269364178,4031.289504588132,7.898585414766162,522.5552279620915,0.40289529905282345,0.0,0.0,0.0,0.0,0.0,0.0,0.0,0.0,0.0,0.0,0.0,0.0,0.0,0.0,0.0,0.0,0.0,0.0,0.0,0.0
Nassau,False,60445252110,0,0,0,0,0,5,0,0,0,5,5,0,0,0,0,10521,118.0,0.0130704,0,28038,26628.231945471678,4.798225263474832,7360.9116817731165,1.1562357905997096,6247.6182734018985,4.795819011499401,4294.52422144046,4.814929972412451,342.21562908296,0.1723326328379911,24291.937940826952,4.472175542405353,6545.031708315338,1.0465280439207294,5629.989449386569,4.465587441785115,3952.874731494525,4.439767629252862,298.0466032903103,0.1548341731570125,751.37521248954,0.1626912552084811,202.611682815241,0.0378541142821059,186.58828895418242,0.1595117979624239,112.7066683277844,0.20120958927041832,14.8644085687756,0.0103368627042946,0.0,0.0,0.0,0.0,0.0,0.0,0.0,0.0,0.0,0.0
Nassau,True,84623351514,0,0,0,0,7,0,7,7,7,7,7,0,0,2,0,18273,425.0,0.062216900000000006,0,45276,40907.263902838,6.243060776793623,10982.442536409424,1.726335098011873,8548.420603833467,6.2507333447506594,6506.424995046293,6.249350041962533,607.3634405839377,0.25341117615447956,31837.497393719586,4.694437094390323,8494.212388058713,1.328391070126869,6863.117428043571,4.711951284196403,4630.582714853446,4.696001844739214,448.4848340403601,0.18984662815778475,0.0,0.0,0.0,0.0,0.0,0.0,0.0,0.0,0.0,0.0,0.0,0.0,0.0,0.0,0.0,0.0,0.0,0.0,0.0,0.0
Okaloosa,False,48364080903,1,1,0,1,0,4,1,1,0,4,4,1,0,1,0,7784,1381.0,0.23490350000000002,2,21654,21314.69926352423,3.9529587101895105,6804.045236571605,1.289879373726251,4912.527853886413,3.954755991847973,2726.3127546920923,3.940459956855717,172.22873848570362,0.07155461569502758,20501.75023145923,3.8274632888836813,6607.547414666545,1.259525816421334,4691.8967721286335,3.81918274372948,2605.376633925167,3.801096316206591,164.2573301541725,0.06827294840533818,1250.0507748126429,0.34383170146279457,574.3354275890454,0.1421177294134648,267.5098584767576,0.31495361254724447,208.60103411749435,0.3608375735019826,4.21422476073854,0.003082772172113606,0.0,0.0,0.0,0.0,0.0,0.0,0.0,0.0,0.0,0.0
Okaloosa,True,447367812948,2,5,2,2,37,0,27,37,27,37,27,0,0,8,0,64595,3502.0,0.6426629,5,159168,131195.8560405529,30.034479872499308,33276.392499050904,7.462179568584556,29501.33136945659,29.961429938879903,18335.4451848219,30.118737366372557,2094.9938275928444,1.075269920964178,74867.26754122261,16.408765461615197,17755.47998827749,3.744612527512068,17293.514649320772,16.41719822356259,9991.494210706553,16.43777863379864,934.3408131846157,0.4711140700483195,130.99999506562,0.0256159552337935,67.4163543390678,0.0131827051894931,24.9999991102231,0.0149880090588868,0.0,0.0,3.29479759911283,0.00202258907250634,0.0,0.0,0.0,0.0,0.0,0.0,0.0,0.0,0.0,0.0
Okeechobee,False,72563541506,1,1,1,2,0,6,2,2,1,5,5,2,1,1,0,5294,2199.0,0.4421906,3,15792,15466.981633801539,4.844859967892743,6591.503964414069,2.09417705328159,3266.7119535747283,4.862338227743195,2678.450753337976,4.851199105006005,281.3668611704465,0.277721465882052,14561.58980315464,4.404787196580939,6039.699167332325,1.8290141477295319,3028.7868740941,4.3481674236349095,2522.78633727568,4.533170231797865,240.4879030994466,0.2229234962979488,5504.076088269032,1.4911318384763554,2600.8510092189945,0.7485283894937264,1032.2037788214557,1.2680774585215802,592.837645298338,1.409347311491042,18.38608977233481,0.01670148986442318,1332.08038521689,0.472201483593368,756.191918416356,0.268058106492859,333.363422232113,0.453555676506276,171.781035882654,0.506728719417857,8.90367744401974,0.00889478266135838
Okeechobee,True,72563462309,3,3,3,1,6,0,6,6,6,6,6,0,0,2,0,8719,304.0,0.0672152,3,24204,20902.16495918589,5.258010905743061,10843.272491253458,2.671585640894439,5553.486067760041,5.229963102533318,3200.172517416575,5.277080460602563,384.6606103996486,0.2639653495185185,16750.84140979605,4.348435526964935,8513.278143470656,2.1590542516242412,4651.799670866229,4.375439307481146,2319.7536002577817,4.172900182762714,238.50251537921173,0.17512504426193404,0.0,0.0,0.0,0.0,0.0,0.0,0.0,0.0,0.0,0.0,0.0,0.0,0.0,0.0,0.0,0.0,0.0,0.0,0.0,0.0
Orange,False,120951143851,0,0,0,0,0,10,0,0,0,9,9,0,0,2,0,22991,2399.0,0.41951710000000003,0,66157,62057.26069497515,8.331016526504586,15873.553208319761,2.186571693083139,15015.809812075651,8.2104388145671,6516.955081368577,8.39215373905211,665.6211213882375,0.25047022681859704,53399.28280483981,7.203033763846401,13978.375429109126,1.946346906739005,12540.727420714697,6.929369052605071,5958.487387579599,7.495272662344384,547.2082773517343,0.20416044911198222,8.72229347865266,0.000837233008125615,1.52364649707584,0.000146251343547307,1.06425331364107,0.000395633202097054,0.954851421750845,0.0010633089329074,0.0278348070668275,7.88298132733716e-06,0.0,0.0,0.0,0.0,0.0,0.0,0.0,0.0,0.0,0.0
Orange,True,2382717999901,28,76,28,33,197,0,90,188,90,188,90,0,0,48,0,398856,31305.0,4.848048899999999,83,1079799,745010.3630497459,131.33076539484847,243736.36510233142,44.35945516779544,178192.83607184511,132.49183245087306,72420.8623639935,133.13242226255733,13673.885547855174,7.591425090157129,265493.2697171251,41.85278676772575,77419.42783677591,12.461041285992897,65449.80336439535,43.17351791090877,24100.959170157363,42.436117152854195,3132.6978035141506,1.6554541319855092,44.6125475591689,0.00307100898734556,6.4706957779963,0.000445425468300151,8.80627341497166,0.00206332554240198,4.00000012293458,0.00561797770075081,0.213010638637741,4.23648843750479e-05,0.0,0.0,0.0,0.0,0.0,0.0,0.0,0.0,0.0,0.0
Osceola,False,108873385113,0,0,0,0,0,9,1,1,1,9,9,1,1,0,0,9146,9.0,0.0015781,0,25302,23561.352617417673,8.519207832492311,5845.86939937462,2.3550478774430044,5465.0477724810025,8.474886297192283,2970.410279538085,8.607886071917486,154.87806980482605,0.3514661060438889,22000.420907320447,7.881750644675638,5463.580867602021,2.172264643145194,5112.894736163016,7.849712275464048,2814.2217875929364,8.013872273410385,147.82071151119825,0.3457140468917326,2977.85743381427,0.413936257132926,1306.73766111442,0.181642710747069,720.185811913462,0.393974732994235,395.132904527668,0.430897387707381,48.3479645054512,0.0187467873227806,932.917131014334,0.129679890327264,400.336301863018,0.0556486380126519,184.866302694694,0.10113036252445,201.181130068917,0.219390545331425,13.9012251036371,0.00539016095526836
Osceola,True,387105349533,13,17,13,9,32,0,25,32,25,32,25,0,0,12,0,81457,3253.0,0.4017514,17,243383,190727.9189339972,24.08012693079472,73555.00276093528,9.498015393051519,51304.65754361235,24.04530208631555,20607.777498442116,24.359632748295454,2809.056095460228,1.1901634215169894,103992.74240076773,12.45384001022977,37479.19163299227,4.43329949473137,29491.05531040749,12.800383231754127,10423.86329700304,12.000801059050143,1088.4578547726965,0.4208634909523114,0.0,0.0,0.0,0.0,0.0,0.0,0.0,0.0,0.0,0.0,0.0,0.0,0.0,0.0,0.0,0.0,0.0,0.0,0.0,0.0
Palm Beach,False,133092013349,0,0,0,0,0,11,0,0,0,9,8,0,0,0,0,11379,2536.0,0.4334135,2,36048,33633.06066677853,8.719106446658879,11917.697920258435,2.4419815960692857,8471.747196523818,8.70586953980924,4129.124910441584,7.751776968929601,150.475922508027,0.11416975598195256,26628.633609617176,6.941533062678982,10253.083353215645,2.1037786074502565,6718.459236143495,7.034992725999537,2632.0967254432653,5.861302498330646,94.50404967619761,0.07089404238601921,0.0,0.0,0.0,0.0,0.0,0.0,0.0,0.0,0.0,0.0,0.0,0.0,0.0,0.0,0.0,0.0,0.0,0.0,0.0,0.0
Palm Beach,True,3944278606863,22,80,22,41,326,0,137,307,137,307,137,0,0,69,2,532848,17436.0,5.553392999999998,90,1284086,895623.3337816419,223.23237112565752,249617.27977174145,61.9465553092792,181424.35202160038,219.43594589339327,201265.10655855594,226.26477054902554,21099.074359613922,13.96493652353739,303638.36755121435,74.18008340393665,67975.45643900661,16.138400405498874,64977.65182399139,74.73939840376886,63716.55557762605,74.06934274342346,4530.710563510727,3.044927215639186,32.4030475472355,0.00351138356602032,2.35434800903749,0.000255130906917804,16.0864397695868,0.0059800891336754,2.61908082996433,0.00396830428782475,0.142491286220178,4.96658369537044e-05,0.0,0.0,0.0,0.0,0.0,0.0,0.0,0.0,0.0,0.0
Pasco,False,254122629680,0,0,0,1,0,21,0,0,0,20,20,0,0,1,0,22757,1436.0,0.273063,9,59459,57316.55705198189,19.259009608420598,17686.143147886578,6.175914638525951,12544.477212305117,19.299466753031567,10956.365036618736,19.096365282008236,678.6252004095073,0.606392549158766,51128.9028047414,17.20764608633227,15498.573939546499,5.382182927537738,11342.102970310687,17.323843002625352,9628.335610209988,16.90240445891762,582.758984515727,0.5101939588685876,3.3061087988317,0.000969817776131329,2.13276433758438,0.000625627555759571,0.147518400102854,0.000135462259047616,1.74763590097427,0.00459904184466914,0.110918288002722,0.000100378541178934,0.0,0.0,0.0,0.0,0.0,0.0,0.0,0.0,0.0,0.0
Pasco,True,1367416565846,24,53,24,11,113,0,65,110,65,110,65,0,0,14,0,166855,4238.0,1.2304184999999996,55,405238,325658.0943920204,88.27784035333306,101738.33234721031,29.26238317920581,70208.04273939163,89.0906339057179,65224.06026969424,87.54649438141243,5443.338861142507,3.9082208834038363,177099.3479712478,44.43237335177661,49535.764531329514,13.156679374599753,40305.06612784407,44.91995167166286,30811.36765828563,43.4384946938597,2015.4069452744163,1.383817445094781,0.0,0.0,0.0,0.0,0.0,0.0,0.0,0.0,0.0,0.0,0.0,0.0,0.0,0.0,0.0,0.0,0.0,0.0,0.0,0.0
Pinellas,False,24207017309,0,0,0,0,0,2,0,0,0,1,1,0,0,0,0,818,15.0,0.0075415,0,1989,1988.92514564563,0.999962365834905,232.716491116444,0.117001755211887,332.990335174371,0.999970976499611,570.956573226722,0.999923946106343,12.1330201094279,0.014832542921061,1761.13989640214,0.885439867472165,206.06421408453,0.103601917589005,284.31550768204,0.853800323369491,534.711020388175,0.936446620644789,10.8481134884751,0.0132617524308986,0.0,0.0,0.0,0.0,0.0,0.0,0.0,0.0,0.0,0.0,0.0,0.0,0.0,0.0,0.0,0.0,0.0,0.0,0.0,0.0
Pinellas,True,2941035119316,21,68,21,30,243,0,94,231,94,231,94,0,0,60,0,415058,19663.0,5.051968799999999,70,914553,612194.0358167622,162.18134648596427,183266.4896574178,49.23012502008939,111886.43073113951,164.02548393683577,123909.68505921777,160.40356946683394,17262.847950184216,10.854855778608249,180716.94065358076,51.272839905786846,49060.42787879817,13.739723977063678,31531.838746420188,51.663543201034635,37307.70235400108,51.40480564680565,3886.590040413526,2.577135860485232,0.0,0.0,0.0,0.0,0.0,0.0,0.0,0.0,0.0,0.0,0.0,0.0,0.0,0.0,0.0,0.0,0.0,0.0,0.0,0.0
Polk,False,508411536457,1,1,0,0,0,42,4,4,0,42,42,4,0,1,1,53641,5486.0,1.6024742999999997,17,144282,136488.53660716905,40.16413410925775,49988.54319705436,14.663012010568382,29222.45866225412,40.07761090424445,27179.475042101058,40.31429222878435,1797.1812004604808,1.4107567486345325,119811.39597299989,36.69656430283969,44139.74741912598,13.363121275046922,25346.625942595747,36.48695310335549,23989.522154763225,36.828472674834245,1516.6059877047212,1.2259693501073345,3808.0757907713805,1.3182346422778306,1025.952017402116,0.36011410788931303,395.0527553312913,1.089994299062331,811.4355483282686,1.063772049398127,25.291883587200996,0.02747384575541546,254.36556975683732,0.0719725687828976,68.8831322355082,0.01888989394346503,20.39394253335918,0.0514632152507446,132.928679245952,0.1959875004484732,3.26463063730513,0.002885704260067577
Polk,True,1355761432016,25,45,25,18,112,0,77,108,77,108,77,0,0,26,0,173844,6775.0,1.7317629999999995,48,457813,367795.54610577825,87.32331065821981,135095.8943676876,32.09743824353901,89321.73668515784,87.84776531637209,62809.559947115056,86.41185597510344,7332.896701346106,5.1105046231042435,223364.2913212714,50.361652531705566,77536.15835837401,16.861070497110145,53891.13059469646,49.85873652501455,39570.411008587216,51.136555785684365,3148.527703367709,1.981598671465915,0.0,0.0,0.0,0.0,0.0,0.0,0.0,0.0,0.0,0.0,0.0,0.0,0.0,0.0,0.0,0.0,0.0,0.0,0.0,0.0
Putnam,False,157403389106,1,1,0,4,0,13,2,2,0,12,12,2,0,4,0,21975,698.0,0.1699563,9,54754,53131.67114488417,11.570235523702232,24581.096617563435,5.346031068423049,11236.004965428223,11.553027972371652,10646.211442983415,11.497629689165999,1072.1175988883697,0.5501641846205877,50380.70863818332,10.899867439346467,23393.709341799233,5.048404054067329,10658.266798595703,10.876962919252625,10080.99897276693,10.791273187052846,1005.1132753813852,0.5049302533072937,1445.8156689032728,0.3676191063571573,634.9217908387276,0.1590002835417247,314.68007564746443,0.34505121010826156,225.78656010588452,0.3799188835741719,23.13071599587335,0.01578568540879442,0.0,0.0,0.0,0.0,0.0,0.0,0.0,0.0,0.0,0.0
Putnam,True,48431803000,4,4,4,3,4,0,4,4,4,4,4,0,0,3,0,7434,709.0,0.1377594,4,19610,16222.56066499682,3.3490652778826235,8630.82109182191,1.862830139837218,4408.466253021257,3.433184306360598,2435.20881199375,3.241453934653677,732.9482462919864,0.5068664766573288,9998.1503127715,2.151190850783699,5430.24651904162,1.221283490434743,2869.6810506950133,2.314155276423295,1452.706555975938,2.0437403818420488,508.88248083162625,0.37639208343923153,0.0,0.0,0.0,0.0,0.0,0.0,0.0,0.0,0.0,0.0,0.0,0.0,0.0,0.0,0.0,0.0,0.0,0.0,0.0,0.0
Santa Rosa,False,109017094732,0,0,0,0,0,9,2,2,0,9,9,2,0,1,0,16603,3717.0,0.5382792,2,46491,45219.714997081566,8.714273400047608,14625.454739799838,2.8273213363100083,9746.86298088087,8.723760044484441,6163.392796054126,8.64147875250859,431.1207977437561,0.2677588758301001,43603.436218569426,8.368569185289616,14072.306838272074,2.7106163795030933,9395.33373662358,8.393228329511583,5876.839521626214,8.28610835476295,413.0886938336524,0.25750093838281685,1794.4361449106739,0.3639294651886076,657.0093232052833,0.1293068656483656,414.2255676400106,0.41022012698244814,245.30562805228678,0.44825169763931494,24.495036050461,0.01633667867554832,0.0,0.0,0.0,0.0,0.0,0.0,0.0,0.0,0.0,0.0
Santa Rosa,True,193808171629,1,1,1,1,16,0,14,16,14,16,14,1,0,3,0,40307,527.0,0.0892585,1,104881,90197.86728193413,13.363053184489077,23645.81083322165,3.628188537838276,22724.44051428271,13.445358998253685,10915.061325996037,13.220792608866342,1070.857831064987,0.44469215953267927,63323.744849028306,8.819767403475954,15207.607611645304,2.1612205659725623,16016.34216459387,8.798023099883823,7516.042496274291,8.835498591836759,626.7610935819955,0.2550451380346516,549.1915141700006,0.05771465472558664,20.39550483808485,0.0022257415729531422,105.283466970788,0.0412714492241427,93.170103382181,0.08792901264337957,28.564759464296035,0.00841059788443766,0.0,0.0,0.0,0.0,0.0,0.0,0.0,0.0,0.0,0.0
Sarasota,False,36345006131,0,0,0,0,0,3,0,0,0,3,3,0,0,1,0,7518,58.0,0.018834100000000003,0,16507,16117.896368211432,2.930684501127241,3307.732899467434,0.564543959060412,2160.972619674788,2.9488304296050263,5600.75361798445,2.920963013996321,203.3130157936214,0.09420980467138103,15151.9526695002,2.7610024044565518,3047.816148592684,0.518547669307741,2097.8466174923233,2.835162698680601,5095.70911665368,2.733532813016698,187.631792468608,0.08865499715893016,57.8951750147389,0.00710195964361371,9.13228064883151,0.00112025032493026,13.8256008669268,0.00892550088245761,5.4031374117003,0.00351081053391832,0.0,0.0,0.0,0.0,0.0,0.0,0.0,0.0,0.0,0.0,0.0,0.0
Sarasota,True,1102465157889,10,22,10,9,91,0,51,86,51,86,51,0,0,21,0,168228,5564.0,1.3351979999999999,22,362941,275781.7169206042,65.80381295000106,72323.75800384155,17.04034197075669,45445.647755127655,66.52468055660738,84789.83662295465,65.99060827665731,6188.331212935473,3.480964948948737,141819.90353743374,30.607974033166254,33773.37793552717,6.912041586186429,23896.217539084464,30.67357542066994,45312.38173884251,30.992187593485408,2190.145042236374,1.1711773378326233,0.0,0.0,0.0,0.0,0.0,0.0,0.0,0.0,0.0,0.0,0.0,0.0,0.0,0.0,0.0,0.0,0.0,0.0,0.0,0.0
Seminole,False,36351063612,0,0,0,1,0,3,0,0,0,3,3,0,0,1,0,4764,45.0,0.0117155,1,13710,12864.614678250531,2.807210808322698,3808.6439807912197,0.882811509158791,3121.256778558288,2.781737635277379,1410.270682387948,2.899953892747185,142.039846341366,0.1310074133834273,12569.836822934349,2.7443241587901106,3727.995224476693,0.865601403930808,3045.063244545404,2.720489624172665,1390.774861411562,2.854981672346987,137.0413732088711,0.127431967652029,0.0,0.0,0.0,0.0,0.0,0.0,0.0,0.0,0.0,0.0,0.0,0.0,0.0,0.0,0.0,0.0,0.0,0.0,0.0,0.0
Seminole,True,1005712771327,3,8,3,1,83,0,55,77,55,77,55,0,0,12,0,159942,3470.0,0.9431997999999999,11,409008,310439.97318364604,60.23008458017748,73022.83652755636,14.703307527311184,73553.29374118429,61.27999712344593,36474.13173094214,60.492419753153584,3973.536694825118,2.2371993293071153,156601.5878692954,28.29791330450401,32545.37846786088,5.995488787755876,39456.07180329279,29.33313984092553,16434.631446327287,27.839745436175154,1488.362781394785,0.7946151761061779,0.666476871818304,6.82236535795172e-05,0.0846014630515128,8.66019685244271e-06,0.223443110473454,7.72892115093234e-05,0.0385246747173369,5.51139838588511e-05,0.00525633260258473,1.68905289286142e-06,0.0,0.0,0.0,0.0,0.0,0.0,0.0,0.0,0.0,0.0
St. Johns,False,157418241237,1,1,0,2,0,13,1,1,0,12,12,1,0,2,0,27592,946.0,0.13597209999999998,2,74577,70859.99751353134,11.520911356759546,14453.573923594255,2.568737171252571,18480.81880251531,11.51296939951859,8657.730011279062,11.458482572583748,773.7568836675753,0.42813440871576147,58558.15634255543,10.11884861972833,12163.736379501237,2.271114036614282,14979.492465345204,10.05266264240297,7372.69721388289,9.940223948260282,619.5751372396728,0.3623686868150231,1039.205205917782,0.2060696250667688,388.38837540951397,0.0773985170258228,227.6231674432245,0.1908633961134317,126.5930269174176,0.1517963081727085,10.1446879528824,0.00551042257082151,0.0,0.0,0.0,0.0,0.0,0.0,0.0,0.0,0.0,0.0
St. Johns,True,326943564609,6,6,6,3,27,0,24,27,24,27,24,0,0,6,0,47746,1852.0,0.5221408999999999,6,115462,92835.12463797093,21.958999694315445,20038.7729047501,5.098295571048508,19834.540751448527,22.05221846830151,16445.595597648902,21.818923636868856,1584.5582434149683,0.8921698814439273,54317.7748838354,13.03328084753476,11589.171175440593,3.025361188392552,11619.783726459575,13.064363401120932,9433.284619885166,12.358489038809006,844.6582031716778,0.44402685426371,0.0,0.0,0.0,0.0,0.0,0.0,0.0,0.0,0.0,0.0,0.0,0.0,0.0,0.0,0.0,0.0,0.0,0.0,0.0,0.0
St. Lucie,False,36334743000,0,0,0,0,0,3,0,0,0,2,2,0,0,0,0,3684,1468.0,0.4199917,1,9630,9593.79573196409,1.990747519788141,2585.12494867628,0.59564256856969,1228.191751391186,1.987208064791069,2976.844967372113,1.991484361821554,78.5329190856619,0.050840774305923604,9478.4153141226,1.9615695825009198,2545.4251056970897,0.584945110171688,1205.49659577294,1.941985162428663,2958.452105575803,1.9623250387552549,77.3412510416683,0.049469464704089805,163.121745882465,0.0265454427798967,30.4024921965847,0.00494751703768669,42.8413965164336,0.05118446417734,15.5363770924587,0.00644128403501604,0.0,0.0,0.0,0.0,0.0,0.0,0.0,0.0,0.0,0.0,0.0,0.0
St. Lucie,True,496566640450,9,17,9,7,41,0,31,41,31,41,31,0,0,13,0,104839,1585.0,0.2848341999999999,17,268159,222034.35279762058,33.42512439428928,73533.56287832926,11.965782307536612,49289.84169556264,32.84999246369964,45264.47906653368,34.31369326742789,3485.562651169273,1.6524010695703801,122196.57675160324,18.306510655808722,36111.2772638551,5.493805841922698,25396.91532878564,17.736308688372773,28384.83323485844,19.176774589219352,1415.0517780536277,0.5317111317202331,0.0,0.0,0.0,0.0,0.0,0.0,0.0,0.0,0.0,0.0,0.0,0.0,0.0,0.0,0.0,0.0,0.0,0.0,0.0,0.0
Sumter,False,157558909306,0,0,0,1,0,13,1,1,0,13,13,1,0,1,2,13175,8919.0,2.1152737999999998,9,40852,38410.91388642726,12.120442179543883,13028.751320371002,4.040356297983422,6379.730583251653,11.350876471415507,7048.955746348778,10.663246220829473,502.7538513430326,0.5536129656562959,34624.53037989102,10.939785823757461,11142.68193470684,3.4428217497363955,5658.005046800939,10.069452725060428,5756.015692814903,9.472280568987347,370.5015322283358,0.4717632529539683,178.29689765484142,1.0183279273422094,78.5771685979839,0.0140542243959907,51.504920310776605,1.0231445405689985,23.4880935894899,0.0216679830161346,0.000402902544010431,1.92776336847096e-07,0.0,0.0,0.0,0.0,0.0,0.0,0.0,0.0,0.0,0.0
Sumter,True,72719467106,1,2,1,0,6,0,5,6,5,6,5,0,0,3,0,28186,33.0,0.0148349,2,52568,45754.19466027043,4.643681826370188,7313.044098839377,1.201644589785912,1195.0754540271967,3.172134317722075,28872.10418395522,4.736523739802747,830.6239250868271,0.29114831990959567,30395.148351417945,2.486986895363352,4510.311437705101,0.4915291727881717,699.4738607939506,1.6133526816454462,18998.4782250779,2.5790390122613553,510.42058756375786,0.11088119083083194,0.0,0.0,0.0,0.0,0.0,0.0,0.0,0.0,0.0,0.0,0.0,0.0,0.0,0.0,0.0,0.0,0.0,0.0,0.0,0.0
Suwannee,False,84853792403,0,0,0,1,0,7,3,3,0,7,7,3,0,5,0,15953,1393.0,0.1868433,3,41551,38997.8031515567,6.617135982175571,16623.143510532707,2.9993057457141,8773.24618584234,6.598484291295144,7370.15726200634,6.565282364061899,1076.8499277692872,0.4384196116008668,35266.77682645926,5.995148179774364,14604.844865337322,2.653727556387663,7789.264013872792,5.953820575443343,6886.06122936256,6.074422698761253,869.2110777990353,0.34864661167396,5175.760699406032,0.8095531485896447,2217.6762281551787,0.3423539072590723,990.4475666673354,0.7563348639829731,1622.0351374395752,1.0169848384878173,292.00328712183205,0.11147350514655734,0.0,0.0,0.0,0.0,0.0,0.0,0.0,0.0,0.0,0.0
Taylor,False,36371850700,0,0,0,0,0,3,2,2,0,3,3,2,0,1,0,5549,3175.0,0.41082650000000004,0,16530,16263.454780032569,2.966115066512172,6533.56026954831,1.177079016533563,2795.380851875447,2.9650700034395543,2535.254109576724,2.916062382743394,175.9465637610808,0.1098354574653733,15058.2255063178,2.737108300676633,6043.81195922007,1.0816461301755271,2576.60685668943,2.740550443920261,2283.082447209643,2.650570003343413,131.2110036930143,0.08107490145055031,2509.5501656123765,0.3802193021409711,1011.278617402917,0.14784545510464708,441.4724073704526,0.4581970213797798,534.7485370890522,0.5153109611674864,3.7484243934563795,0.0018014798437906198,98.104941980597,0.0187940501878538,32.5606917561749,0.00623768041306033,11.320068635443,0.0102258975929928,20.4649674060229,0.0212733548919157,0.0,0.0
Taylor,True,12123950300,1,1,1,1,1,0,1,1,1,1,1,0,0,1,0,2371,79.0,0.0130795,1,6040,5034.94471258383,0.833600117977455,2386.81350495792,0.395167798834093,1356.90865452983,0.838633284629066,749.557466164342,0.833768038002605,177.251768937913,0.0747582323652101,2955.02730906903,0.489242931965071,1259.70480314002,0.208560397870864,764.025496963319,0.472203644600321,473.4956575942,0.526691498992436,51.8817002513999,0.0218817799457613,0.0,0.0,0.0,0.0,0.0,0.0,0.0,0.0,0.0,0.0,0.0,0.0,0.0,0.0,0.0,0.0,0.0,0.0,0.0,0.0
Union,False,24251920400,1,1,0,0,0,2,1,1,0,2,2,1,0,0,0,2345,1923.0,0.5167966,1,8216,8216.000043826021,2.0000000108616,3224.84302373788,0.78159682149654,1712.0000022140362,1.999999999205921,979.000009623657,2.00000002004712,25.303623745525773,0.01861518431411069,8216.000043826021,2.0000000108616,3224.84302373788,0.78159682149654,1712.0000022140362,1.999999999205921,979.000009623657,2.00000002004712,25.303623745525773,0.01861518431411069,1318.2835263912102,0.29430937641212906,449.72737898155464,0.10026275482008537,340.52743948635884,0.2869241816195685,160.61942013046965,0.300345234194692,8.711489250221998,0.005309278109628683,0.0,0.0,0.0,0.0,0.0,0.0,0.0,0.0,0.0,0.0
Union,True,12125960200,1,1,1,1,1,0,1,1,1,1,1,0,0,1,0,1703,2855.0,0.3900806,1,7319,6253.3855532266,0.854404365791311,2529.52920220878,0.345611313322692,965.586761410232,0.743903514183538,462.985310510272,0.80519184436569,109.23756185479,0.0641441936904227,5256.95307871516,0.718261111998246,2035.31041494109,0.278085860765281,693.862835426939,0.534563047324298,360.433520054283,0.626840904442231,74.4923217160171,0.0437418213247311,31.595121126622,0.00431686311335182,11.3426181875402,0.0015497497182047,7.71734117041342,0.00594556330540325,3.28006937951432,0.00570446848611185,1.17328308658034,0.000688950726118814,0.0,0.0,0.0,0.0,0.0,0.0,0.0,0.0,0.0,0.0
Volusia,False,181906302686,0,0,0,0,0,15,1,1,0,15,15,1,0,4,1,30433,3585.0,0.8558468,1,73870,71538.81567226705,14.567951367850238,19580.76120706317,4.113579830231482,12048.21385793879,14.573004505552348,18005.909527711836,14.555863149725425,1006.6471286084567,0.5230704960274236,63142.447629827766,12.97417840658526,17260.239652020915,3.6562518235318953,10745.776580802369,13.058682453281117,15284.22507020491,12.745765682711738,886.1641937273453,0.45969701503990784,867.8969304322613,0.17712037493070176,330.8071351722949,0.06791467366717965,198.7948461071488,0.1886666242004603,100.30267252427359,0.14585248041135668,8.219448845021738,0.004511377657116747,0.0,0.0,0.0,0.0,0.0,0.0,0.0,0.0,0.0,0.0
Volusia,True,1188454327636,21,33,21,21,98,0,63,97,63,97,63,0,0,25,0,177803,9224.0,2.3755681,34,420723,325496.96691619564,74.7269020006465,108105.68871827307,25.272021207601423,63801.66309017254,75.52450017883707,65160.350981336596,74.30116109988066,7906.658843548073,4.468397284749347,163168.2455667982,37.096741813178994,49354.63158824826,11.521002419086791,31618.73285761765,36.79890750362226,33155.08367332247,37.74764649993669,3781.495253401768,2.117831005460483,0.0,0.0,0.0,0.0,0.0,0.0,0.0,0.0,0.0,0.0,0.0,0.0,0.0,0.0,0.0,0.0,0.0,0.0,0.0,0.0
Wakulla,False,48516040706,0,0,0,0,0,4,0,0,0,4,4,0,0,1,0,10490,3428.0,0.41055040000000004,0,30776,29221.59115876806,3.802283773614572,8276.6462504681,1.082379708617907,6530.3544244335,3.801309568259999,3147.586080250633,3.795288668926917,317.8951088250875,0.1215239666611719,26194.83362434406,3.405413208711936,7270.5894365698405,0.946055464916726,5731.568273388717,3.3890966242018687,2792.038742736225,3.409079184565096,298.4883027728754,0.1141993279476868,365.2621239622685,0.0633091334272811,95.1300275093605,0.01698825450586935,58.0916570115243,0.0492562017925232,83.6936000058906,0.0970197521669213,6.66096301853811,0.0031753449835065497,0.00420984765514731,7.97924119626102e-07,0.00113249709829688,2.1465070096605e-07,0.0,0.0,0.00420984765514731,4.43608815084016e-06,0.000138189599965699,6.37700045988459e-08
Walton,False,97055602710,3,3,0,1,0,8,5,5,0,8,8,5,0,2,0,13004,1952.0,0.33405720000000005,4,33515,31787.204499136158,7.682408574869328,12880.676916863098,2.99631995880027,6739.511255826015,7.692126089254563,4806.786299978636,7.555560850143329,656.4530560727803,0.3930143029148969,29367.628131573692,7.210113299168109,11754.465331679123,2.7885324888336473,6175.333879732158,7.106911610546701,4343.720010839831,6.968892990732031,529.0294978532082,0.3255786860351158,7443.211904221527,1.9232353247397687,3083.8687698693975,0.797239971430782,1754.4784616488,2.037019830281126,1013.493990432486,1.7218175564031812,161.71999501520096,0.11235879511253538,0.0,0.0,0.0,0.0,0.0,0.0,0.0,0.0,0.0,0.0
Walton,True,36395851505,1,1,1,1,3,0,3,3,3,3,3,0,0,2,0,9297,113.0,0.0153115,1,21528,19182.56214925943,2.676673037798308,5114.397829158412,0.748499615062038,3824.02874754796,2.681550667257396,3308.387254601767,2.654003212693625,303.2425972934743,0.1055291450154261,13977.961905598451,1.9436984705591938,3717.518968087309,0.5368755774422176,2820.389590670556,1.977698581998287,2244.731966565499,1.843506802235791,206.9995494955563,0.072154358419582,0.0,0.0,0.0,0.0,0.0,0.0,0.0,0.0,0.0,0.0,0.0,0.0,0.0,0.0,0.0,0.0,0.0,0.0,0.0,0.0
Washington,False,84937791415,1,1,0,1,0,7,4,4,0,7,7,4,0,1,0,8864,2694.0,0.4498212,3,24896,23549.35081004825,6.587994785868563,9369.99336385741,2.498677966940749,4911.6710557706065,6.584553156378784,3579.813762281596,6.53227730506561,440.4225165041711,0.33073458727316524,20866.169827944854,5.754366427545693,8161.8607405306875,2.12618332397012,4188.348294801119,5.703173892247625,3166.815183370254,5.732081989090167,309.5669083502145,0.2315208000243531,11315.16897230508,2.6217345184084517,4736.262011291707,1.082272450211195,1940.4657011151749,2.5956609804265156,1502.957386804668,2.5924701615734786,93.22878106732709,0.0647388735723349,2.24599655272323,0.000339530846972521,1.21994081822049,0.00018442038068337,0.633608958683908,0.000657953228124515,0.323244912782684,0.000498066121390884,0.0125805249804216,7.51076118234126e-06
