County,FIPS,CensusTract,LILATracts_1And10,LILATracts_halfAnd10,LILATracts_1And20,LILATracts_Vehicle,Urban,Rural,LA1and10,LAhalfand10,LA1and20,LATracts_half,LATracts1,LATracts10,LATracts20,HUNVFlag,GroupQuartersFlag,OHU2010,NUMGQTRS,PCTGQTRS,LowIncomeTracts,POP2010,lapophalf,lapophalfshare,lalowihalf,lalowihalfshare,lakidshalf,lakidshalfshare,laseniorshalf,laseniorshalfshare,lahunvhalf,lahunvhalfshare,lapop1,lapop1share,lalowi1,lalowi1share,lakids1,lakids1share,laseniors1,laseniors1share,lahunv1,lahunv1share,lapop10,lapop10share,lalowi10,lalowi10share,lakids10,lakids10share,laseniors10,laseniors10share,lahunv10,lahunv10share,lapop20,lapop20share,lalowi20,lalowi20share,lakids20,lakids20share,laseniors20,laseniors20share,lahunv20,lahunv20share
Alachua,12001,6.72E+11,11,26,11,10,40,16,20,37,20,53,36,0,0,16,2,100516,13920,3.2412505,32,247336,198799.0466,44.02244471,76529.32898,17.6316102,37082.77592,43.63284943,22578.51669,41.68973128,5082.240652,3.097270935,106916.2448,23.67520307,34761.3219,7.669171517,21738.23833,23.27372019,14216.7237,23.51296391,1911.034928,1.247327762,191.0703032,0.040670563,82.2097971,0.017498893,33.07201436,0.034959846,25.19569824,0.033865186,1.963278041,0.001019355,0,0,0,0,0,0,0,0,0,0
Baker,12003,48012160606,2,2,1,0,2,2,3,3,2,4,4,1,0,0,0,8772,2344,0.3160859,2,27115,25974.84395,3.84860496,9040.565364,1.29895653,6731.598469,3.832500515,2751.911263,3.802431039,189.7631142,0.084577927,23365.02642,3.497703342,8019.604419,1.162347039,6015.22749,3.451441699,2374.48027,3.420680537,131.197356,0.0608816,4546.891454,0.60469455,2124.118162,0.282490598,910.5187413,0.503989911,345.9447105,0.552001551,43.8254495,0.020584993,50.1088926,0.006664303,21.95217671,0.002919561,10.10208821,0.005599827,7.624375531,0.012377233,0.877527406,0.000412178
Bay,12005,5.28E+11,3,12,3,2,35,9,24,37,22,43,30,2,0,4,0,68438,3817,0.7680878,13,168852,136710.5309,33.98267558,40360.92146,10.64064678,30181.95238,34.11538222,19457.01299,33.80687908,2426.805514,1.575358861,82480.92793,18.67698705,21995.91857,5.129405997,18631.11462,18.77319922,11005.23265,18.89285019,1132.496803,0.678037013,6062.373209,0.971970265,2401.530799,0.35303742,1547.663427,1.047678863,655.0013558,0.902885167,103.8851067,0.039024985,0,0,0,0,0,0,0,0,0,0
Bradford,12007,48028001000,0,0,0,1,0,4,0,0,0,4,4,0,0,2,0,9479,4492,0.6208821,1,28520,26027.70214,3.633621379,10415.27418,1.49603091,5143.990951,3.636393621,3539.306319,3.41063329,487.4447389,0.201643855,21174.99998,2.906834507,8233.260225,1.16006908,4196.375154,2.967932048,2779.072237,2.647048936,347.1251509,0.139574819,99.64529315,0.013051119,26.32694825,0.003448192,20.677998,0.013013215,19.45318805,0.013415992,0,0,0,0,0,0,0,0,0,0,0,0
Brevard,12009,1.36E+12,19,30,19,12,103,10,72,101,72,110,81,0,0,20,1,229692,7735,2.515758,31,543376,442063.6745,88.14035466,124216.8596,25.09717024,89205.50338,88.40558914,88697.00219,86.5643412,6895.792116,3.601750644,270133.3474,51.3726428,71280.3068,13.54812267,55277.96638,50.65995003,52683.18888,50.10313224,3325.790786,1.732861523,214.8840092,0.054530097,41.84368641,0.010793737,35.22106161,0.059909174,32.62937723,0.032948879,1.615462624,0.001030964,0,0,0,0,0,0,0,0,0,0
Broward,12011,4.34E+12,26,98,26,55,358,3,92,327,92,330,95,0,0,96,0,686047,16892,3.2569412,109,1748066,1086617.598,220.4098205,321981.3774,66.40457141,246860.4946,219.304015,159141.0298,222.0198436,28045.21566,14.44609028,220533.9394,41.5391082,51913.5826,10.10725563,53376.85326,41.24376448,30804.70682,40.33427835,3942.214853,2.012507332,0,0,0,0,0,0,0,0,0,0,0,0,0,0,0,0,0,0,0,0
Calhoun,12013,36039030600,2,2,1,1,1,2,2,2,1,3,3,1,0,1,0,5061,1891,0.2307223,3,14625,13519.50601,2.865117857,6936.436939,1.33178143,2834.545675,2.819724646,2043.255354,2.829296779,294.3850484,0.169274766,12083.61624,2.689923888,6170.883442,1.238375684,2520.95825,2.629671661,1641.571788,2.509993468,236.8722382,0.146232775,2587.680796,0.634869857,1113.87903,0.270725441,590.84273,0.652022962,407.0625853,0.618566368,5.724471501,0.003766797,0,0,0,0,0,0,0,0,0,0
Charlotte,12015,4.69E+11,5,8,5,2,34,5,28,35,27,38,31,1,0,7,0,73370,3012,0.7412563,8,159978,138330.5836,32.20519443,39273.06382,8.791745072,20216.27255,32.45293411,45580.20023,31.56743892,2635.198538,1.343954568,95875.68652,21.44164431,25791.17014,5.487593556,14014.35472,22.08221906,30686.89305,20.68243195,1562.86451,0.761825076,568.1953005,0.148083216,96.18399933,0.0250675,97.6205174,0.185943843,171.4008915,0.280525191,3.800074247,0.003359924,0.954504041,0.000248763,0.149586458,3.90E-05,0.098741799,0.00018808,0.469023536,0.000767633,0,0
Citrus,12017,3.24E+11,8,9,8,3,15,12,14,15,14,27,26,0,0,7,0,63304,2251,0.4628223,14,141236,129923.0893,24.64444389,46463.93933,8.875560662,20716.80964,24.82054309,40843.47908,24.29609861,2280.716237,1.022236831,107725.5572,20.37858226,37362.90688,7.120823764,17040.81077,20.43151971,33367.96445,19.97177173,1739.407404,0.783455417,154.1033783,0.046613242,42.22010314,0.012770751,27.41931576,0.048875786,45.54633188,0.051175654,2.466540396,0.001758047,0,0,0,0,0,0,0,0,0,0
Clay,12019,3.61E+11,2,4,1,1,22,8,18,23,17,30,25,1,0,4,0,68792,1251,0.2643105,5,190865,160679.8671,24.96732956,38768.58138,6.570592312,42587.61775,24.97264966,18552.43661,25.02378786,1745.370601,0.89147194,99729.3872,16.20215411,25107.1445,4.341274593,26071.03882,16.03628955,11713.36041,16.36274683,1171.747014,0.587839457,1507.993975,0.51057987,540.6410195,0.18674186,336.731319,0.4964805,173.5145569,0.444392786,29.66490643,0.025282591,0,0,0,0,0,0,0,0,0,0
Collier,12021,8.78E+11,11,20,11,6,67,6,39,67,39,72,44,1,1,13,0,133179,4546,1.030727,21,321520,259649.0715,56.67112681,74697.46874,14.65777135,50071.18665,56.50702478,71462.19589,57.699425,4343.703266,2.511282962,138768.988,27.37145351,40167.02933,7.136465392,27126.25607,26.66329412,38887.36938,27.63702749,2026.636273,1.093038057,1871.165333,0.254321295,642.1243026,0.087299578,286.9627098,0.266419066,535.2023259,0.25431821,24.78530385,0.007771132,1287.853113,0.175460312,529.0951383,0.072157191,241.2703084,0.225065586,297.8824097,0.141983111,13.65954543,0.004247733
Columbia,12023,1.44E+11,4,4,1,4,3,9,6,6,2,11,11,4,0,6,0,24941,4606,0.6295093,5,67531,61535.32902,10.54195779,26369.28037,4.548620465,13758.13458,10.52414056,9376.834078,10.43713984,1152.446805,0.55563389,52578.37089,9.068223469,22069.32125,3.842875953,11650.41552,9.02430561,7529.944975,8.5991226,912.0167863,0.438560555,6042.682621,1.094449014,2717.713861,0.496569077,1413.511266,1.154030772,890.0000042,1.132489917,147.9775647,0.069436958,0,0,0,0,0,0,0,0,0,0
DeSoto,12027,1.08E+11,2,3,2,0,3,6,2,3,2,9,8,0,0,0,0,11445,3798,0.8641099,7,34862,28933.17897,7.689876761,13363.62554,3.43543578,6220.707201,7.686495413,5312.650398,7.865435513,485.4825235,0.411883644,20737.85165,5.763140706,8962.605605,2.372933038,4160.493911,5.75961792,3818.761845,5.626520183,280.0301163,0.254888282,696.6015508,0.154855406,168.2054294,0.038803994,72.42367054,0.087976126,49.79400752,0.106446669,7.785246211,0.006889082,0.050435393,1.08E-05,0.006602451,1.41E-06,0.012370945,2.34E-05,0.012370945,2.67E-05,0.0017129,2.16E-06
Dixie,12029,36089910403,1,1,0,1,0,3,1,1,0,3,3,1,0,1,0,6316,1430,0.2866623,3,16422,15398.19142,2.797387969,7473.755391,1.36574529,2913.718542,2.760855312,2989.047902,2.708268494,191.766473,0.109152713,13764.43507,2.472056557,6709.854254,1.214360408,2497.213629,2.326738154,2716.498126,2.295447644,145.9820433,0.076922637,927.7345715,0.221951298,452.1772785,0.10870743,122.2390914,0.151046373,280.900315,0.282752555,7.456147903,0.004018838,173.2407827,0.042243546,122.1569619,0.029787116,3.152909397,0.003991025,84.10183211,0.08616991,0,0
Duval,12031,2.08E+12,30,67,30,36,166,7,92,158,92,165,99,0,0,60,1,342450,19985,4.1528298,71,864263,640434.742,123.8685195,195008.1037,41.00591704,153355.2241,123.9631966,68319.46234,123.21122,15901.45052,9.161793111,283765.0573,50.29738319,75222.22844,14.81303788,69535.2958,49.99269185,28045.23979,49.08759842,5101.116333,2.898392559,0,0,0,0,0,0,0,0,0,0,0,0,0,0,0,0,0,0,0,0
Escambia,12033,8.54E+11,13,25,13,15,65,6,47,63,47,69,53,0,0,26,2,116238,17959,4.461933,29,297619,252140.4818,58.39402381,88773.77174,21.55376496,54615.21983,58.46268165,36158.50377,58.4822217,6640.047986,4.316721285,154818.6413,33.63651982,47934.03046,10.48576429,33112.64985,33.34016946,21540.72224,33.59817676,2935.941382,1.700931937,848.7411054,0.181947182,273.6354434,0.059461309,169.6262259,0.161213558,140.0694377,0.180053418,26.79731566,0.014480358,0,0,0,0,0,0,0,0,0,0
Flagler,12035,2.41E+11,1,1,1,0,15,5,14,15,14,20,19,0,0,4,0,39186,684,0.1841814,3,95696,89907.6771,18.62087021,28086.78894,5.433054333,18101.38878,18.74637853,21721.65918,18.6139799,1279.764977,0.699476394,71044.18352,14.47959702,22085.44819,4.181229462,14757.59513,14.55411325,16217.9956,14.29062125,861.2863729,0.442164494,295.94054,0.06096166,76.04741727,0.015798972,68.70458832,0.067937951,49.20942479,0.07015784,4.443020503,0.002382818,0,0,0,0,0,0,0,0,0,0
Franklin,12037,48151880906,0,0,0,0,0,4,0,0,0,4,4,0,0,0,0,4254,1828,0.4985102,4,11549,9521.99486,3.122283778,4650.513255,1.483531976,1630.464323,2.94221662,1491.959256,2.96805385,158.8183982,0.156292968,7715.747956,2.521407675,3712.972082,1.171949701,1163.653595,2.027026666,1242.203993,2.39204487,85.99023583,0.084101715,179.4196952,0.081047952,52.40227294,0.022486514,16.56803626,0.033229016,59.42968757,0.114390303,1.62506462,0.001793147,0,0,0,0,0,0,0,0,0,0
Gadsden,12039,1.08E+11,2,2,1,5,1,8,2,2,1,9,9,1,0,6,0,16952,2161,0.3747638,7,46389,40424.17663,7.902492055,20110.63627,3.854689201,9971.576039,8.084175944,5443.463126,7.825651549,1820.249967,1.011468391,33642.97562,6.64027184,16368.84183,3.166790455,8318.283507,6.842018763,4570.638036,6.620888027,1451.100988,0.808328191,694.0639686,0.145536584,304.3714825,0.063822915,196.1209496,0.165642694,81.41515194,0.12061504,1.310435002,0.000724397,0,0,0,0,0,0,0,0,0,0
Gilchrist,12041,60209750910,0,0,0,0,0,5,0,0,0,5,5,0,0,0,0,6121,1128,0.3665571,3,16939,15703.29504,4.656900865,6556.971669,1.901709489,3286.569255,4.636150058,2675.022668,4.685037674,232.075473,0.21637026,14638.44501,4.358594769,5974.493565,1.738501023,2960.614704,4.28752821,2519.79831,4.431741147,204.5333811,0.193794762,99.02736962,0.018482152,31.21130474,0.005825178,17.07360021,0.015578102,29.22079835,0.027437369,0,0,0,0,0,0,0,0,0,0,0,0
Glades,12043,48172990600,2,2,1,0,1,3,3,3,1,3,3,3,0,0,0,4533,1483,0.3954352,2,12884,11488.48143,2.77358758,3636.216351,0.850862429,2073.867819,2.755221226,2620.117598,2.872893581,16.31092334,0.012794091,9906.021007,2.422812519,2961.081115,0.715546515,1881.228518,2.540634569,2375.827515,2.583275272,13.16731009,0.01154712,2605.823856,0.725070183,807.2006579,0.213533368,602.9482264,0.970046895,731.480454,0.938435779,0,0,0,0,0,0,0,0,0,0,0,0
Gulf,12045,36137880600,0,0,0,1,0,3,1,1,0,3,3,1,0,2,0,5335,3450,0.4603015,1,15863,14799.43033,2.781997105,6591.851899,1.151451399,2316.221426,2.689126007,2378.845534,2.740114835,356.0307332,0.192192409,12372.77329,2.283041775,5589.852031,0.945358093,1810.674142,2.091418259,1843.602623,2.152910391,271.2929181,0.139302221,832.4924454,0.181322857,319.1509697,0.069605157,86.06884474,0.107106574,145.1614192,0.144494929,30.11273765,0.016936298,0,0,0,0,0,0,0,0,0,0
Hamilton,12047,36143880600,2,2,0,0,0,3,2,2,0,3,3,2,0,1,0,4617,3064,0.3755364,2,14799,13859.37241,2.885467139,6646.802519,1.432083145,2687.717511,2.833862473,1775.379807,2.799741557,260.4510724,0.14702417,12481.22766,2.71748265,5907.360747,1.341951286,2324.239641,2.565810946,1555.75228,2.541962769,170.1006914,0.103439809,2966.903984,1.134259717,1421.185083,0.57163633,646.7750943,1.09709868,539.2628646,1.186294692,18.50110836,0.024342548,0,0,0,0,0,0,0,0,0,0
Hardee,12049,72299821306,3,3,1,1,1,5,3,3,1,6,6,2,0,1,0,8245,1984,0.2559997,4,27731,23805.83732,5.448601252,12699.61406,2.678584869,6449.07893,5.361538433,3137.648647,5.452944026,328.4843451,0.263179419,19551.61054,4.864577704,10739.73247,2.410771987,5167.962092,4.697611168,2660.19631,4.840286989,265.6804025,0.232129874,2628.551165,0.477110333,1233.685154,0.199498359,269.8110127,0.269599812,390.2887132,0.583221607,4.629302888,0.003892707,0,0,0,0,0,0,0,0,0,0
Hendry,12051,84357992003,2,2,2,4,2,5,2,3,2,6,5,1,1,3,0,12025,1942,0.3171179,4,39140,30760.24695,4.855784177,17312.22741,2.69195126,8704.283021,4.899022996,3430.599869,4.890843236,582.8475671,0.283114345,24310.35178,3.934131053,14159.78991,2.237549856,6757.520312,3.896390687,2547.746859,4.028497505,380.2894273,0.198503074,2392.264313,0.417399925,1129.597487,0.195798332,381.1847334,0.273877629,82.46380498,0.158758246,0,0,544.6744505,0.097646908,250.8369182,0.044968971,213.1675413,0.16247526,29.31628172,0.067393751,0,0
Hernando,12053,5.42E+11,12,14,12,5,31,14,27,31,27,44,40,0,0,6,0,71745,1828,0.4734008,16,172778,150722.5375,38.87226,50011.29939,12.80051441,29621.12068,39.01593223,38793.07999,38.63321841,2426.251752,1.553243829,98903.41971,26.38185273,31760.94467,8.451865017,19456.07732,26.98592687,24411.28907,26.13947629,1345.050644,0.88169187,11.70860797,0.00244694,7.238767761,0.001512804,1.755973721,0.001768352,5.031855839,0.005219767,0,0,0,0,0,0,0,0,0,0,0,0
Highlands,12055,3.26E+11,11,13,9,5,13,14,13,15,11,26,24,3,0,5,0,42604,1733,0.4412121,17,98786,85877.40885,22.77612982,35339.92391,9.897994796,15635.40854,22.2787913,27679.1343,21.54712948,1599.953119,1.024302303,70456.12495,18.84180505,28286.12658,8.0450185,12837.66843,18.38685911,22249.77862,17.54815136,1114.250053,0.723804525,2848.491933,1.045533708,1394.191307,0.540248421,449.7858386,1.184916304,819.9081521,0.797504387,20.94788317,0.012279607,5.11E-07,3.88E-10,3.14E-07,2.39E-10,0,0,0,0,0,0
Hillsborough,12057,3.87E+12,44,102,44,43,293,28,156,278,156,302,180,0,0,57,2,474030,22065,6.8452915,112,1229226,917413.5689,234.6995309,284084.1577,76.43651409,222954.867,235.588956,107681.2225,231.3922152,18900.61769,14.35797938,434864.0924,110.9551756,117307.7712,32.26106773,109710.0998,111.4400274,50472.20085,108.1585865,6037.974857,4.562546309,108.2519278,0.03188417,24.44787504,0.007252983,27.43991084,0.030030583,16.07995427,0.037822398,3.083040799,0.002694966,0,0,0,0,0,0,0,0,0,0
Holmes,12059,48239841000,1,1,0,1,1,3,2,2,1,4,4,1,0,2,0,7354,1732,0.2464158,3,19927,18452.3913,3.796633747,8652.48643,1.790272251,3925.051425,3.750908184,3097.586791,3.712037634,456.7596173,0.234724181,17111.62692,3.611508488,8029.17976,1.704227872,3580.594151,3.510382933,2851.184031,3.49523441,383.2150472,0.202439471,3641.919191,0.690422656,1977.329647,0.374069793,884.3371242,0.761862282,590.7969264,0.619108069,106.9660221,0.049455,0,0,0,0,0,0,0,0,0,0
Indian River,12061,3.62E+11,4,6,4,5,25,5,20,24,20,29,24,0,0,10,0,60176,1794,0.3913291,8,138028,120564.344,24.23186779,38934.20334,7.730814837,23061.94921,24.09285941,32224.54048,24.20671112,2718.712368,1.429024168,87010.99144,16.39740017,27999.03845,5.153604319,16761.07878,16.08551304,23203.6329,16.83108127,1836.697854,0.927353179,69.09277738,0.009572288,41.20441987,0.005708565,10.00000018,0.004460303,15.0000003,0.032751092,3.170461462,0.001598015,7.864338983,0.001089545,4.690005777,0.000649765,1.00601038,0.000448711,2.355800477,0.005143669,0.397350764,0.000200278
Jackson,12063,1.33E+11,2,2,2,3,2,9,3,3,2,11,11,1,0,4,0,17417,7994,1.5054889,6,49746,44530.60139,9.832163422,18334.41021,4.140919437,8819.16594,9.756160959,6709.41594,9.577937621,1032.915626,0.679556836,37972.175,8.454026543,14973.25439,3.443073329,7446.625709,8.344293756,5793.925187,8.352223503,830.0197431,0.562367684,2298.037278,0.525211036,661.1339985,0.151337008,430.7469069,0.482408976,455.7100768,0.591788621,72.18238039,0.040333485,0,0,0,0,0,0,0,0,0,0
Jefferson,12065,36195750403,1,1,0,2,0,3,1,1,0,3,3,1,0,3,0,5646,1339,0.2301524,2,14761,13268.46576,2.705063573,5820.072657,1.194603605,2391.546063,2.624428431,2173.708134,2.699939319,463.1332396,0.247319406,11980.62239,2.460490052,5142.47738,1.065666202,2105.58689,2.333525358,1902.317641,2.377185341,405.1986237,0.216643062,2399.816935,0.545761626,1260.323307,0.287221142,463.2447674,0.558634795,393.5720458,0.538327627,107.1102073,0.058013446,0.019397594,4.43E-06,0.009820987,2.24E-06,0.004849399,5.91E-06,0,0,0.001097309,5.96E-07
Lafayette,12067,24135920300,0,0,0,0,0,2,1,1,0,2,2,1,0,0,0,2580,2094,0.6518235,1,8870,7918.803814,1.833298945,2544.028813,0.505163145,1522.56121,1.826429368,913.2784232,1.808178004,74.0458273,0.034828705,7390.735682,1.74075283,2321.71702,0.466202088,1357.456185,1.717232923,841.4754094,1.727500461,66.24653656,0.031160177,697.4156034,0.209732303,143.6914495,0.039907124,156.664791,0.5357105,124.1599275,0.604107097,2.692784308,0.001266597,0,0,0,0,0,0,0,0,0,0
Lake,12069,6.76E+11,11,12,10,5,35,21,34,36,33,56,54,1,0,10,0,121289,3987,0.8610397,18,297052,259849.1333,49.66784519,77076.37289,16.26401442,54312.84574,50.77148652,62191.83909,48.70486664,3710.64175,2.091998786,201320.0723,39.15247433,57956.21513,12.39587668,41858.35905,40.21119301,48311.12704,38.52518193,2485.724112,1.428079545,951.7513771,0.166062155,430.1153005,0.074940982,217.3460469,0.172807611,131.8246038,0.145032301,7.838596681,0.003482273,0,0,0,0,0,0,0,0,0,0
Lee,12071,2.00E+12,27,38,27,14,140,26,101,138,101,163,125,0,0,26,0,259818,8488,2.0980572,44,618754,514129.0175,135.8082449,156785.7578,39.09613122,103183.9303,136.0221623,117913.2271,135.8886831,8932.740389,5.724905579,302368.2023,81.7945007,91690.632,23.27063247,64249.97634,82.69906044,65323.36731,81.3289913,4422.496518,2.977905776,0,0,0,0,0,0,0,0,0,0,0,0,0,0,0,0,0,0,0,0
Leon,12073,8.21E+11,12,28,12,17,56,12,32,53,31,64,43,1,0,20,1,110945,14994,3.8443088,34,275487,228031.3224,53.8009582,73839.35727,18.34014388,46157.28238,53.62236654,22214.10456,52.90248928,5002.041054,3.26128186,129310.1775,28.77086571,32607.69568,7.610261565,30351.71608,28.91244064,13456.6008,28.31197174,2036.62281,1.296272947,1116.413269,0.203376069,282.9553039,0.054429591,252.0948796,0.187412278,147.7325488,0.222594038,10.95226229,0.004971907,0,0,0,0,0,0,0,0,0,0
Levy,12075,1.09E+11,2,2,2,3,1,8,3,3,2,9,9,2,1,3,0,16404,635,0.1481664,6,40801,37700.80571,8.257059979,16735.18684,3.486457476,7926.523169,8.25656555,7276.710817,8.187197267,867.4671615,0.456910578,33829.44312,7.378451847,14664.42603,3.007254907,6937.959029,7.283692817,6667.324944,7.463131223,690.9555233,0.353608793,3954.456104,0.944805429,1797.794825,0.428855977,726.6752435,0.982836909,859.9286162,1.061199243,96.96457884,0.057273636,585.6218629,0.178054686,231.7529445,0.070463042,77.26838839,0.149166773,203.2675271,0.287101027,39.44623399,0.028940744
Liberty,12077,24155900300,0,0,0,0,0,2,1,1,0,2,2,1,0,0,0,2525,1882,0.3007351,1,8365,7941.784013,1.932372006,3325.26792,0.711495125,1680.712626,1.921333846,810.9138149,1.875466582,177.4155048,0.160682438,7233.951171,1.81926353,2981.703307,0.656595059,1507.309449,1.779664584,703.1629948,1.701394175,154.2788141,0.146975868,2170.924,0.876672662,648.0467347,0.247088735,617.0298109,0.955445627,270.7103891,0.871906966,77.71030667,0.090941801,2.592693707,0.001230514,0.738293785,0.0003504,0,0,1.72846246,0.006425511,0.038780229,4.63E-05
Madison,12079,60395551303,1,1,0,1,0,5,2,2,0,5,5,2,0,1,0,6985,1933,0.3374263,3,19224,17767.13002,4.692000727,7617.812616,1.98220356,3815.638725,4.625346796,2804.257503,4.615760256,567.4041003,0.378469037,15142.93892,4.123142888,6345.375986,1.716947004,3145.421199,3.952374192,2409.933788,3.945091329,371.6165001,0.2640729,3965.265094,1.10541646,1532.137463,0.428144014,915.621364,1.053829107,697.5888255,1.136943058,71.62294846,0.051401788,0,0,0,0,0,0,0,0,0,0
Manatee,12081,9.42E+11,9,23,9,6,67,11,40,69,38,78,49,2,0,10,0,135729,4817,1.3123638,25,322833,234907.3195,56.31365922,66808.49451,15.69023201,46840.87998,55.69148128,56649.20869,57.16369861,3575.685938,2.243282996,125048.4342,30.24488257,27664.84579,6.649608928,24157.77669,29.98333384,30082.22485,30.21727798,1306.101746,0.810056276,5226.149655,1.411085875,1846.036509,0.46773003,1348.235785,1.448368719,453.7393758,1.38899979,13.17758267,0.015503038,0,0,0,0,0,0,0,0,0,0
Marion,12083,7.61E+11,10,16,10,12,33,30,26,33,26,61,54,0,0,22,0,137726,8239,1.4598129,27,331298,295983.1254,53.84068722,106295.025,20.24060833,57491.85159,53.86582591,75418.73032,52.81192337,5391.22042,2.702088568,218180.691,39.37790139,76844.03665,14.43015177,42620.50125,39.85103488,53259.0183,37.96876864,3395.405265,1.703227335,415.3528027,0.149452934,180.6576075,0.06773828,78.64858724,0.175777972,80.08181488,0.124433332,5.213192224,0.003678584,0,0,0,0,0,0,0,0,0,0
Martin,12085,4.23E+11,5,7,5,2,30,5,26,30,26,34,30,1,0,5,0,63899,3933,1.0129918,7,146318,118619.2496,27.58660444,30601.23756,6.931296974,20465.47616,27.20820363,33274.98591,28.01405685,2152.699821,1.201526069,71534.62591,17.09375063,16766.49256,3.811047871,11853.31096,16.67646032,21024.92753,17.72183546,976.8956289,0.525914813,673.5503432,0.20242429,400.7092867,0.120357338,84.35635822,0.187537215,100.0076598,0.589762335,0.038307375,2.10E-05,0,0,0,0,0,0,0,0,0,0
Miami-Dade,12086,6.27E+12,20,148,20,72,509,10,81,380,80,387,86,1,0,95,7,867352,40057,12.3204913,236,2496435,1154770.874,234.8381165,414839.7827,83.43730993,271226.5119,236.1481548,146941.2239,230.7010729,29532.051,19.49120332,218653.9125,47.42874863,65440.0733,14.07360926,55085.03668,47.62475164,23836.93002,45.73943851,3062.69445,2.703986007,461.1209828,1.049046416,317.8605382,0.048412807,140.9552321,1.083921911,11.28764736,1.013430349,0.892921084,0.000655596,416.5275669,0.063363309,300.88475,0.045763998,132.2389203,0.082427343,9.983670144,0.013033512,0.224870599,0.000165103
Monroe,12087,3.63E+11,1,2,1,2,19,11,15,18,13,25,21,3,1,5,0,32629,2020,1.3430599,3,73090,49313.36777,20.4683407,12763.71871,4.792283845,7465.738677,20.64654949,9059.006431,20.59007206,1245.49892,1.018276909,34786.19456,15.54435623,8745.178578,3.374811506,5125.494615,15.37614737,6731.997555,15.91547959,696.6020908,0.610361061,2889.109207,1.988045366,432.5096107,0.249753645,372.2195169,1.372194616,591.9499583,2.371737729,27.62282173,0.032807384,9.000000048,0.375000002,0,0,0,0,3.000000028,0.600000006,0,0
Nassau,12089,1.45E+11,0,0,0,0,7,5,7,7,7,12,12,0,0,2,0,28794,543,0.0752873,0,73314,67535.49585,11.04128604,18343.35422,2.882570889,14796.03888,11.04655236,10800.94922,11.06428001,949.5790697,0.425743809,56129.43533,9.166612637,15039.2441,2.374919114,12493.10688,9.177538726,8583.457446,9.135769474,746.5314373,0.344680801,751.3752125,0.162691255,202.6116828,0.037854114,186.588289,0.159511798,112.7066683,0.201209589,14.86440857,0.010336863,0,0,0,0,0,0,0,0,0,0
Okaloosa,12091,4.96E+11,3,6,2,3,37,4,28,38,27,41,31,1,0,9,0,72379,4883,0.8775664,7,180822,152510.5553,33.98743858,40080.43774,8.752058942,34413.85922,33.91618593,21061.75794,34.05919732,2267.222566,1.146824537,95369.01777,20.23622875,24363.0274,5.004138344,21985.41142,20.23638097,12596.87084,20.23887495,1098.598143,0.539387018,1381.05077,0.369447657,641.7517819,0.155300435,292.5098576,0.329941622,208.6010341,0.360837574,7.50902236,0.005105361,0,0,0,0,0,0,0,0,0,0
Okeechobee,12093,1.45E+11,4,4,4,3,6,6,8,8,7,11,11,2,1,3,0,14013,2503,0.5094058,6,39996,36369.14659,10.10287087,17434.77646,4.765762694,8820.198021,10.09230133,5878.623271,10.12827957,666.0274716,0.541686815,31312.43121,8.753222724,14552.97731,3.988068399,7680.586545,8.723606731,4842.539938,8.706070415,478.9904185,0.398048541,5504.076088,1.491131838,2600.851009,0.748528389,1032.203779,1.268077459,592.8376453,1.409347311,18.38608977,0.01670149,1332.080385,0.472201484,756.1919184,0.268058106,333.3634222,0.453555677,171.7810359,0.506728719,8.903677444,0.008894783
Orange,12095,2.50E+12,28,76,28,33,197,10,90,188,90,197,99,0,0,50,0,421847,33704,5.267566,83,1145956,807067.6237,139.6617819,259609.9183,46.54602686,193208.6459,140.7022713,78937.81745,141.524576,14339.50667,7.841895317,318892.5525,49.05582053,91397.80327,14.40738819,77990.53079,50.10288696,30059.44656,49.93138982,3679.906081,1.859614581,53.33484104,0.003908242,7.994342275,0.000591677,9.870526729,0.002458959,4.954851545,0.006681287,0.240845446,5.02E-05,0,0,0,0,0,0,0,0,0,0
Osceola,12097,4.96E+11,13,17,13,9,32,9,26,33,26,41,34,1,1,12,0,90603,3262,0.4033295,17,268685,214289.2716,32.59933476,79400.87216,11.85306327,56769.70532,32.52018838,23578.18778,32.96751882,2963.934165,1.541629528,125993.1633,20.33559065,42942.7725,6.605564138,34603.95005,20.65009551,13238.08508,20.01467333,1236.278566,0.766577538,2977.857434,0.413936257,1306.737661,0.181642711,720.1858119,0.393974733,395.1329045,0.430897388,48.34796451,0.018746787,932.917131,0.12967989,400.3363019,0.055648638,184.8663027,0.101130363,201.1811301,0.219390545,13.9012251,0.005390161
Palm Beach,12099,4.08E+12,22,80,22,41,326,11,137,307,137,316,145,0,0,69,2,544227,19972,5.9868065,92,1320134,929256.3944,231.9514776,261534.9777,64.38853691,189896.0992,228.1418154,205394.2315,234.0165475,21249.55028,14.07910628,330267.0012,81.12161647,78228.53979,18.24217901,71696.11106,81.77439113,66348.6523,79.93064524,4625.214613,3.115821258,32.40304755,0.003511384,2.354348009,0.000255131,16.08643977,0.005980089,2.61908083,0.003968304,0.142491286,4.97E-05,0,0,0,0,0,0,0,0,0,0
Pasco,12101,1.62E+12,24,53,24,12,113,21,65,110,65,130,85,0,0,15,0,189612,5674,1.5034815,64,464697,382974.6514,107.53685,119424.4755,35.43829782,82752.51995,108.3901007,76180.42531,106.6428597,6121.964062,4.514613433,228228.2508,61.64001944,65034.33847,18.5388623,51647.1691,62.24379467,40439.70327,60.34089915,2598.16593,1.894011404,3.306108799,0.000969818,2.132764338,0.000625628,0.1475184,0.000135462,1.747635901,0.004599042,0.110918288,0.000100379,0,0,0,0,0,0,0,0,0,0
Pinellas,12103,2.97E+12,21,68,21,30,243,2,94,231,94,232,95,0,0,60,0,415876,19678,5.0595103,70,916542,614182.961,163.1813089,183499.2061,49.34712678,112219.4211,165.0254549,124480.6416,161.4034934,17274.98097,10.86968832,182478.0805,52.15827977,49266.49209,13.84332589,31816.15425,52.51734352,37842.41337,52.34125227,3897.438154,2.590397613,0,0,0,0,0,0,0,0,0,0,0,0,0,0,0,0,0,0,0,0
Polk,12105,1.86E+12,26,46,25,18,112,42,81,112,77,150,119,4,0,27,1,227485,12261,3.3342373,65,602095,504284.0827,127.4874448,185084.4376,46.76045025,118544.1953,127.9253762,89989.03499,126.7261482,9130.077902,6.521261372,343175.6873,87.05821683,121675.9058,30.22419177,79237.75654,86.34568963,63559.93316,87.96502846,4665.133691,3.207568022,3808.075791,1.318234642,1025.952017,0.360114108,395.0527553,1.089994299,811.4355483,1.063772049,25.29188359,0.027473846,254.3655698,0.071972569,68.88313224,0.018889894,20.39394253,0.051463215,132.9286792,0.1959875,3.264630637,0.002885704
Putnam,12107,2.06E+11,5,5,4,7,4,13,6,6,4,16,16,2,0,7,0,29409,1407,0.3077157,13,74364,69354.23181,14.9193008,33211.91771,7.208861208,15644.47122,14.98621228,13081.42025,14.73908362,1805.065845,1.057030661,60378.85895,13.05105829,28823.95586,6.269687545,13527.94785,13.1911182,11533.70553,12.83501357,1513.995756,0.881322337,1445.815669,0.367619106,634.9217908,0.159000284,314.6800756,0.34505121,225.7865601,0.379918884,23.130716,0.015785685,0,0,0,0,0,0,0,0,0,0
Santa Rosa,12113,3.03E+11,1,1,1,1,16,9,16,18,14,25,23,3,0,4,0,56910,4244,0.6275377,3,151372,135417.5823,22.07732658,38271.26557,6.455509874,32471.3035,22.16911904,17078.45412,21.86227136,1501.978629,0.712451035,106927.1811,17.18833659,29279.91445,4.871836945,25411.6759,17.19125143,13392.88202,17.12160695,1039.849787,0.512546076,2343.627659,0.42164412,677.404828,0.131532607,519.5090346,0.451491576,338.4757314,0.53618071,53.05979551,0.024747277,0,0,0,0,0,0,0,0,0,0
Sarasota,12115,1.14E+12,10,22,10,9,91,3,51,86,51,89,54,0,0,22,0,175746,5622,1.3540321,22,379448,291899.6133,68.73449745,75631.4909,17.60488593,47606.62037,69.47351099,90390.59024,68.91157129,6391.644229,3.575174754,156971.8562,33.36897644,36821.19408,7.430589255,25994.06416,33.50873812,50408.09086,33.72572041,2377.776835,1.259832335,57.89517501,0.00710196,9.132280649,0.00112025,13.82560087,0.008925501,5.403137412,0.003510811,0,0,0,0,0,0,0,0,0,0,0,0
Seminole,12117,1.04E+12,3,8,3,2,83,3,55,77,55,80,58,0,0,13,0,164706,3515,0.9549153,12,422718,323304.5879,63.03729539,76831.48051,15.58611904,76674.55052,64.06173476,37884.40241,63.39237365,4115.576541,2.368206743,169171.4247,31.04223746,36273.37369,6.861090192,42501.13505,32.05362947,17825.40631,30.69472711,1625.404155,0.922047144,0.666476872,6.82E-05,0.084601463,8.66E-06,0.22344311,7.73E-05,0.038524675,5.51E-05,0.005256333,1.69E-06,0,0,0,0,0,0,0,0,0,0
St. Johns,12109,4.84E+11,7,7,6,5,27,13,25,28,24,39,36,1,0,8,0,75338,2798,0.658113,8,190039,163695.1222,33.47991105,34492.34683,7.667032742,38315.35955,33.56518787,25103.32561,33.27740621,2358.315127,1.32030429,112875.9312,23.15212947,23752.90755,5.296475225,26599.27619,23.11702604,16805.98183,22.29871299,1464.23334,0.806395541,1039.205206,0.206069625,388.3883754,0.077398517,227.6231674,0.190863396,126.5930269,0.151796308,10.14468795,0.005510423,0,0,0,0,0,0,0,0,0,0
St. Lucie,12111,5.33E+11,9,17,9,7,41,3,31,41,31,43,33,0,0,13,0,108523,3053,0.7048259,18,277789,231628.1485,35.41587191,76118.68783,12.56142488,50518.03345,34.83720053,48241.32403,36.30517763,3564.09557,1.703241844,131674.9921,20.26808024,38656.70237,6.078750952,26602.41192,19.67829385,31343.28534,21.13909963,1492.393029,0.581180596,163.1217459,0.026545443,30.4024922,0.004947517,42.84139652,0.051184464,15.53637709,0.006441284,0,0,0,0,0,0,0,0,0,0,0,0
Sumter,12119,2.30E+11,1,2,1,1,6,13,6,7,5,19,18,1,0,4,2,41361,8952,2.1301087,11,93420,84165.10855,16.76412401,20341.79542,5.242000888,7574.806037,14.52301079,35921.05993,15.39976996,1333.377776,0.844761286,65019.67873,13.42677272,15652.99337,3.934350923,6357.478908,11.68280541,24754.49392,12.05131958,880.9221198,0.582644444,178.2968977,1.018327927,78.5771686,0.014054224,51.50492031,1.023144541,23.48809359,0.021667983,0.000402903,1.93E-07,0,0,0,0,0,0,0,0,0,0
Suwannee,12121,84853792403,0,0,0,1,0,7,3,3,0,7,7,3,0,5,0,15953,1393,0.1868433,3,41551,38997.80315,6.617135982,16623.14351,2.999305746,8773.246186,6.598484291,7370.157262,6.565282364,1076.849928,0.438419612,35266.77683,5.99514818,14604.84487,2.653727556,7789.264014,5.953820575,6886.061229,6.074422699,869.2110778,0.348646612,5175.760699,0.809553149,2217.676228,0.342353907,990.4475667,0.756334864,1622.035137,1.016984838,292.0032871,0.111473505,0,0,0,0,0,0,0,0,0,0
Taylor,12123,48495801000,1,1,1,1,1,3,3,3,1,4,4,2,0,2,0,7920,3254,0.423906,1,22570,21298.39949,3.799715184,8920.373775,1.572246815,4152.289506,3.803703288,3284.811576,3.749830421,353.1983327,0.18459369,18013.25282,3.226351233,7303.516762,1.290206528,3340.632354,3.212754089,2756.578105,3.177261502,183.0927039,0.102956681,2509.550166,0.380219302,1011.278617,0.147845455,441.4724074,0.458197021,534.7485371,0.515310961,3.748424393,0.00180148,98.10494198,0.01879405,32.56069176,0.00623768,11.32006864,0.010225898,20.46496741,0.021273355,0,0
Union,12125,36377880600,2,2,1,1,1,2,2,2,1,3,3,1,0,1,0,4048,4778,0.9068772,2,15535,14469.3856,2.854404377,5754.372226,1.127208135,2677.586764,2.743903513,1441.98532,2.805191864,134.5411856,0.082759378,13472.95312,2.718261123,5260.153439,1.059682682,2405.862838,2.534563047,1339.43353,2.626840924,99.79594546,0.062357006,1349.878648,0.29862624,461.0699972,0.101812505,348.2447807,0.292869745,163.8994895,0.306049703,9.884772337,0.005998229,0,0,0,0,0,0,0,0,0,0
Volusia,12127,1.37E+12,21,33,21,21,98,15,64,98,63,112,78,1,0,29,1,208236,12809,3.2314149,35,494593,397035.7826,89.29485337,127686.4499,29.38560104,75849.87695,90.09750468,83166.26051,88.85702425,8913.305972,4.991467781,226310.6932,50.07092022,66614.87124,15.17725424,42364.50944,49.85758996,48439.30874,50.49341218,4667.659447,2.577528021,867.8969304,0.177120375,330.8071352,0.067914674,198.7948461,0.188666624,100.3026725,0.14585248,8.219448845,0.004511378,0,0,0,0,0,0,0,0,0,0
Wakulla,12129,48516040706,0,0,0,0,0,4,0,0,0,4,4,0,0,1,0,10490,3428,0.4105504,0,30776,29221.59116,3.802283774,8276.64625,1.082379709,6530.354424,3.801309568,3147.58608,3.795288669,317.8951088,0.121523967,26194.83362,3.405413209,7270.589437,0.946055465,5731.568273,3.389096624,2792.038743,3.409079185,298.4883028,0.114199328,365.262124,0.063309133,95.13002751,0.016988255,58.09165701,0.049256202,83.69360001,0.097019752,6.660963019,0.003175345,0.004209848,7.98E-07,0.001132497,2.15E-07,0,0,0.004209848,4.44E-06,0.00013819,6.38E-08
Walton,12131,1.33E+11,4,4,1,2,3,8,8,8,3,11,11,5,0,4,0,22301,2065,0.3493687,5,55043,50969.76665,10.35908161,17995.07475,3.744819574,10563.54,10.37367676,8115.173555,10.20956406,959.6956534,0.498543448,43345.59004,9.15381177,15471.9843,3.325408066,8995.72347,9.084610193,6588.451977,8.812399793,736.0290473,0.397733044,7443.211904,1.923235325,3083.86877,0.797239971,1754.478462,2.03701983,1013.49399,1.721817556,161.719995,0.112358795,0,0,0,0,0,0,0,0,0,0
Washington,12133,84937791415,1,1,0,1,0,7,4,4,0,7,7,4,0,1,0,8864,2694,0.4498212,3,24896,23549.35081,6.587994786,9369.993364,2.498677967,4911.671056,6.584553156,3579.813762,6.532277305,440.4225165,0.330734587,20866.16983,5.754366428,8161.860741,2.126183324,4188.348295,5.703173892,3166.815183,5.732081989,309.5669084,0.2315208,11315.16897,2.621734518,4736.262011,1.08227245,1940.465701,2.59566098,1502.957387,2.592470162,93.22878107,0.064738874,2.245996553,0.000339531,1.219940818,0.00018442,0.633608959,0.000657953,0.323244913,0.000498066,0.012580525,7.51E-06